"","Gleba","Ponto","Ano","NDVI","EVI","PH","MO","P","K","Ca","Mg","CTC","V%","S","B","Cu","Fe","Mn","Zn"
"1",1,1,2009,0.685321739130435,0.453813043478261,5.2,27,32,1.4,20,8,68,44.1,9,0.2,2.8,17,10.1,0.5
"2",1,1,2010,0.628286956521739,0.434269565217391,5.4,34,23,2.8,31,11,75,61.1,5,0.14,3.5,22,18.6,0.8
"3",1,1,2011,0.61914347826087,0.405613043478261,5,34,34,1.8,35,12,90,54.4,24,0.2,2.8,20,11.8,0.8
"4",1,1,2012,0.643769565217391,0.434830434782609,5.1,32,20,1.3,31,12,83,52.9,31,0.19,2.8,18,14.2,1
"5",1,1,2013,0.651473913043478,0.434108695652174,5.1,32,20,1.3,31,12,83,52.9,31,0.19,2.8,18,14.2,1
"6",1,1,2014,0.642873913043478,0.43314347826087,5,29,22,0.9,31,9,81,50.4,23,0.21,2.7,14,7.9,0.4
"7",1,1,2015,0.673782608695652,0.440095652173913,5,32,21,1.1,34,13,86,55.9,142,0.22,3.3,19,24.9,0.7
"8",1,1,2016,0.620682608695652,0.424782608695652,5.2,30,20,0.8,29,11,79,51.9,72,0.21,2.6,19,12,1.8
"9",1,1,2017,0.613286956521739,0.388078260869565,5.5,32,20,1.9,42,17,89,68,30,0.27,3.4,15,11.8,3.1
"10",1,2,2009,0.66895652173913,0.455604347826087,5.2,27,32,1.4,20,8,68,44.1,9,0.2,2.8,17,10.1,0.5
"11",1,2,2010,0.576726086956522,0.40284347826087,5.2,27,32,1.4,20,8,68,44.1,9,0.2,2.8,17,10.1,0.5
"12",1,2,2011,0.589413043478261,0.413813043478261,5.2,27,32,1.1,20,8,68,44.1,9,0.2,2.8,17,10.1,0.5
"13",1,2,2012,0.610769565217391,0.420347826086957,5.2,27,32,1.1,20,8,68,44.1,9,0.2,2.8,17,10.1,0.5
"14",1,2,2013,0.622847826086957,0.433865217391304,5.2,27,32,1.1,20,8,68,44.1,9,0.2,2.8,17,10.1,0.5
"15",1,2,2014,0.58065652173913,0.39005652173913,5.2,27,32,1.1,20,8,68,44.1,9,0.2,2.8,17,10.1,0.5
"16",1,2,2015,0.63465652173913,0.418739130434783,5.3,33,26,1.2,36,13,86,59.1,47,0.21,3.1,22,12.5,0.8
"17",1,2,2016,0.553752173913043,0.370365217391304,5.6,30,25,1.3,43,19,96,65.5,66,0.21,2.2,20,13,2.1
"18",1,2,2017,0.575713043478261,0.37075652173913,5.2,36,22,1.5,36,15,86,61,30,0.18,3,16,9.7,1.1
"19",1,3,2009,0.681569565217391,0.463704347826087,5.2,29,29,1.6,20,8,67,44.6,8,0.2,2.7,16,8.9,0.6
"20",1,3,2010,0.614469565217391,0.449034782608696,5.2,29,29,1.6,20,8,67,44.6,8,0.2,2.7,16,8.9,0.6
"21",1,3,2011,0.619686956521739,0.434465217391304,4.9,36,35,1.3,33,11,89,51.3,35,0.25,2.8,18,9.2,0.7
"22",1,3,2012,0.651178260869565,0.467078260869565,5.1,37,49,0.8,35,11,91,50.6,19,0.19,2.7,24,13.1,1
"23",1,3,2013,0.651191304347826,0.461421739130435,5.1,37,49,0.8,35,11,91,50.6,19,0.19,2.7,24,13.1,1
"24",1,3,2014,0.629978260869565,0.444330434782609,5,31,70,1.7,31,11,84,51.1,35,0.27,3.4,19,8.7,0.8
"25",1,3,2015,0.663369565217391,0.437760869565217,5.2,31,25,0.9,32,10,80,53.5,37,0.18,3.5,24,21.1,0.8
"26",1,3,2016,0.58355652173913,0.400491304347826,5.5,33,33,1.4,44,16,96,64.5,65,0.24,2,19,8,1.3
"27",1,3,2017,0.5979,0.388530434782609,5.2,37,25,1,33,10,77,57,37,0.25,3.3,20,11.2,1.1
"28",1,4,2009,0.679691304347826,0.456895652173913,5,25,17,1.2,12,4,55,31.2,30,0.13,2.4,13,6.1,0.4
"29",1,4,2010,0.6044,0.420717391304348,5,33,28,3,25,8,74,48.9,7,0.23,3.1,18,12,0.9
"30",1,4,2011,0.645930434782609,0.442191304347826,5,33,28,2.4,25,8,74,48.9,7,0.23,3.1,18,12,0.9
"31",1,4,2012,0.663878260869565,0.469821739130435,5,33,28,2.4,25,8,74,48.9,7,0.23,3.1,18,12,0.9
"32",1,4,2013,0.660495652173913,0.455613043478261,5,33,28,2.4,25,8,74,48.9,7,0.23,3.1,18,12,0.9
"33",1,4,2014,0.624182608695652,0.431708695652174,5,33,28,2.4,25,8,74,48.9,7,0.23,3.1,18,12,0.9
"34",1,4,2015,0.659273913043478,0.430552173913043,5.2,31,22,0.9,36,13,85,58.7,94,0.19,3.5,22,18.9,0.9
"35",1,4,2016,0.587209090909091,0.3831,5.3,34,24,1.2,39,14,94,57.5,73,0.29,2.1,19,10.2,1.5
"36",1,4,2017,0.592591304347826,0.368082608695652,5.1,31,24,1.3,33,11,81,56,43,0.21,3.5,18,9.4,1.2
"37",1,5,2009,0.660595652173913,0.439304347826087,5.1,27,28,1.2,17,7,63,39.5,23,0.2,2.8,12,5.2,0.5
"38",1,5,2010,0.605473913043478,0.412239130434783,5.1,27,28,1.2,17,7,63,39.5,23,0.2,2.8,12,5.2,0.5
"39",1,5,2011,0.644569565217391,0.439708695652174,5.1,27,28,1,17,7,63,39.5,23,0.2,2.8,12,5.2,0.5
"40",1,5,2012,0.663530434782609,0.469069565217391,5.1,27,28,1,17,7,63,39.5,23,0.2,2.8,12,5.2,0.5
"41",1,5,2013,0.645986956521739,0.431173913043478,5.1,27,28,1,17,7,63,39.5,23,0.2,2.8,12,5.2,0.5
"42",1,5,2014,0.619921739130435,0.424760869565217,5.5,31,35,1.3,41,11,87,62,24,0.24,3.2,16,6.7,0.5
"43",1,5,2015,0.669134782608696,0.427313043478261,5.3,32,21,0.8,34,13,81,59.3,58,0.16,3.2,18,10.4,0.6
"44",1,5,2016,0.573577272727273,0.367477272727273,5.3,31,19,0.7,33,11,79,56.8,50,0.23,2.1,17,8.1,1
"45",1,5,2017,0.598213043478261,0.365039130434783,5.1,36,24,1.6,35,12,85,57,38,0.24,2.9,17,7.2,0.9
"46",1,6,2009,0.660595652173913,0.449073913043478,5.6,28,23,1.5,30,13,74,59.6,12,0.16,3.6,13,6.7,0.5
"47",1,6,2010,0.605473913043478,0.420965217391304,5.6,28,23,1.5,30,13,74,59.6,12,0.16,3.6,13,6.7,0.5
"48",1,6,2011,0.644569565217391,0.415869565217391,5.6,36,32,0.9,49,17,94,70.4,51,0.2,3.4,13,6.6,0.6
"49",1,6,2012,0.663530434782609,0.457873913043478,5.5,38,27,1,38,11,83,59.8,32,0.19,2.8,14,6.2,0.5
"50",1,6,2013,0.645986956521739,0.445604347826087,5.5,38,27,1,38,11,83,59.8,32,0.19,2.8,14,6.2,0.5
"51",1,6,2014,0.619921739130435,0.439039130434783,5.5,38,27,1,38,11,83,59.8,32,0.19,2.8,14,6.2,0.5
"52",1,6,2015,0.669134782608696,0.428673913043478,5.6,32,25,0.8,42,20,90,69,85,0.16,3.5,15,6.1,0.6
"53",1,6,2017,0.598213043478261,0.373282608695652,5.3,33,17,1.1,40,12,86,62,46,0.28,3.4,16,7,0.7
"54",1,7,2009,0.592491304347826,0.3921,5.9,29,15,2,34,13,74,66.4,28,0.16,2.8,12,4.9,0.5
"55",1,7,2010,0.629117391304348,0.433821739130435,5.4,31,14,1.4,32,11,74,59.4,19,0.14,3,17,7.1,0.7
"56",1,7,2011,0.579847826086957,0.368626086956522,5.4,31,14,1.1,32,11,74,59.4,19,0.14,3,17,7.1,0.7
"57",1,7,2012,0.592465217391304,0.395565217391304,5.4,31,14,1.1,32,11,74,59.4,19,0.14,3,17,7.1,0.7
"58",1,7,2013,0.5922,0.40274347826087,5.4,31,14,1.1,32,11,74,59.4,19,0.14,3,17,7.1,0.7
"59",1,7,2014,0.598169565217391,0.403847826086957,5.4,30,22,1.1,36,10,80,58.3,26,0.16,2.8,12,4.1,0.5
"60",1,7,2015,0.635039130434783,0.415765217391304,5.7,32,8,0.8,49,17,91,72.6,78,0.17,2.9,16,6.7,0.5
"61",1,7,2016,0.5505,0.367065217391304,5.4,32,24,1,43,11,92,60.7,45,0.24,2.7,19,10.2,1
"62",1,7,2017,0.590117391304348,0.385286956521739,5.5,35,16,1.6,47,18,95,70,24,0.21,3.2,16,6.5,0.8
"63",1,8,2009,0.592491304347826,0.395782608695652,5.1,27,15,1.6,16,6,65,35.5,33,0.11,2.5,14,4.4,0.5
"64",1,8,2010,0.629117391304348,0.430060869565217,5.1,27,15,1.6,16,6,65,35.5,33,0.11,2.5,14,4.4,0.5
"65",1,8,2011,0.579847826086957,0.385639130434783,5.1,27,15,1.3,16,6,65,35.5,33,0.11,2.5,14,4.4,0.5
"66",1,8,2012,0.592465217391304,0.419786956521739,5.1,27,15,1.3,16,6,65,35.5,33,0.11,2.5,14,4.4,0.5
"67",1,8,2013,0.5922,0.400852173913044,5.1,27,15,1.3,16,6,65,35.5,33,0.11,2.5,14,4.4,0.5
"68",1,8,2014,0.598169565217391,0.405473913043478,5.1,27,15,1.3,16,6,65,35.5,33,0.11,2.5,14,4.4,0.5
"69",1,8,2015,0.635039130434783,0.410130434782609,5.3,37,8,1.7,43,11,94,59.8,133,0.16,3.5,25,9.1,0.6
"70",1,8,2016,0.5505,0.36985652173913,5.5,35,22,0.8,51,9,94,64.4,54,0.22,2.3,18,9.6,0.8
"71",1,8,2017,0.590117391304348,0.381395652173913,5.7,36,12,1.6,49,18,94,73,23,0.28,3.5,15,7.9,1
"72",1,9,2009,0.687491304347826,0.449413043478261,5.2,26,17,0.5,17,6,60,38.4,34,0.11,3.4,14,6.1,1.3
"73",1,9,2010,0.614821739130435,0.399713043478261,5.2,26,17,0.5,17,6,60,38.4,34,0.11,3.4,14,6.1,1.3
"74",1,9,2011,0.614721739130435,0.381708695652174,5.1,33,16,0.6,36,9,83,55.3,65,0.19,3.6,15,6.8,0.6
"75",1,9,2012,0.641773913043478,0.417465217391304,5.2,35,20,0.9,30,8,79,48.3,77,0.18,2.9,14,7.7,0.5
"76",1,9,2013,0.626373913043478,0.401008695652174,5.2,35,20,0.9,30,8,79,48.3,77,0.18,2.9,14,7.7,0.5
"77",1,9,2014,0.633921739130435,0.425565217391304,5.1,31,8,3.1,36,9,83,57.7,40,0.18,3,13,7.1,0.5
"78",1,9,2015,0.653265217391304,0.41345652173913,5.8,32,13,0.8,40,19,82,72.1,94,0.14,3.5,17,9.7,0.6
"79",1,9,2016,0.599086956521739,0.385969565217391,5.5,37,21,1.3,53,12,100,66.9,48,0.22,3,19,11.7,0.8
"80",1,9,2017,0.609595652173913,0.370786956521739,5.3,34,11,1.2,37,13,84,61,50,0.16,3.7,15,8.3,0.6
"81",1,10,2009,0.658730434782609,0.455717391304348,5.3,27,25,1.1,19,8,66,41.3,33,0.08,5.2,14,5.2,0.4
"82",1,10,2010,0.543247826086957,0.348491304347826,5.1,32,22,0.7,27,8,73,49.3,58,0.14,6.4,25,11.3,1.5
"83",1,10,2011,0.553313043478261,0.361960869565217,5.1,32,22,0.6,27,8,73,49.3,58,0.14,6.4,25,11.3,1.5
"84",1,10,2012,0.58855652173913,0.410304347826087,5.1,32,22,0.6,27,8,73,49.3,58,0.14,6.4,25,11.3,1.5
"85",1,10,2013,0.573030434782609,0.393447826086956,5.1,32,22,0.6,27,8,73,49.3,58,0.14,6.4,25,11.3,1.5
"86",1,10,2014,0.562986956521739,0.381852173913043,5.1,32,22,0.6,27,8,73,49.3,58,0.14,6.4,25,11.3,1.5
"87",1,10,2015,0.60405652173913,0.411326086956522,5.3,29,18,1.1,36,12,86,57.1,123,0.24,7.5,23,17.9,0.7
"88",1,10,2016,0.511730434782609,0.33144347826087,5.4,34,43,1.4,46,15,98,63.4,47,0.29,5,27,14.4,1
"89",1,10,2017,0.560426086956522,0.330917391304348,5.5,33,24,1.2,36,13,78,64,30,0.21,5.2,18,11,1.2
"90",1,11,2009,0.661930434782609,0.443939130434783,4.9,26,29,0.8,13,5,64,29.4,29,0.14,3.7,17,12.5,0.3
"91",1,11,2010,0.568121739130435,0.388739130434783,4.9,26,29,0.8,13,5,64,29.4,29,0.14,3.7,17,12.5,0.3
"92",1,11,2011,0.603447826086957,0.41025652173913,4.9,26,29,0.6,13,5,64,29.4,29,0.14,3.7,17,12.5,0.3
"93",1,11,2012,0.642373913043478,0.459039130434783,4.9,26,29,0.6,13,5,64,29.4,29,0.14,3.7,17,12.5,0.3
"94",1,11,2013,0.596530434782609,0.409630434782609,4.9,26,29,0.6,13,5,64,29.4,29,0.14,3.7,17,12.5,0.3
"95",1,11,2014,0.601726086956522,0.412030434782609,5.6,33,41,7.4,45,13,94,69.8,21,0.18,3.4,12,6.2,0.4
"96",1,11,2015,0.647595652173913,0.436273913043478,5.2,30,14,1,30,12,77,56.9,137,0.18,4.1,18,11,0.6
"97",1,11,2016,0.543021739130435,0.358904347826087,5.3,32,21,0.7,31,9,73,56.3,51,0.22,3.7,17,11.5,0.8
"98",1,11,2017,0.582360869565217,0.370639130434783,5.7,34,26,1.7,43,16,85,71,32,0.21,3.8,16,11.3,1
"99",1,12,2009,0.666291304347826,0.45924347826087,5.2,27,23,0.7,20,7,65,41.9,27,0.15,2.9,15,6.9,0.3
"100",1,12,2010,0.584339130434783,0.407508695652174,5.2,30,32,0.5,27,9,69,52.2,21,0.2,4.2,28,14.4,1
"101",1,12,2011,0.622569565217391,0.432730434782609,5.3,33,28,1,39,12,85,60.7,58,0.24,3.1,15,7.8,1.4
"102",1,12,2012,0.661969565217391,0.481539130434783,5,36,21,0.8,26,6,72,44.6,29,0.2,2.7,16,7.6,0.6
"103",1,12,2013,0.616,0.432139130434783,5,36,21,0.8,26,6,72,44.6,29,0.2,2.7,16,7.6,0.6
"104",1,12,2014,0.619217391304348,0.433626086956522,5,36,21,0.8,26,6,72,44.6,29,0.2,2.7,16,7.6,0.6
"105",1,12,2015,0.665539130434783,0.453726086956522,5.3,31,14,0.9,36,14,81,61.9,98,0.15,4,24,11.9,0.7
"106",1,12,2016,0.54175652173913,0.361834782608696,5.2,29,37,1.1,36,10,81,57.9,55,0.21,3.3,24,12,1.2
"107",1,12,2017,0.58044347826087,0.370917391304348,5.3,31,18,1.1,36,11,77,62,20,0.21,3.4,15,9.7,0.8
"108",1,13,2009,0.6526,0.461234782608696,5.1,25,29,0.6,16,6,62,35.4,28,0.18,3.3,16,7.5,0.3
"109",1,13,2010,0.57965652173913,0.415095652173913,5.1,25,29,0.6,16,6,62,35.4,28,0.18,3.3,16,7.5,0.3
"110",1,13,2011,0.618160869565217,0.433439130434783,5.1,25,29,0.5,16,6,62,35.4,28,0.18,3.3,16,7.5,0.3
"111",1,13,2012,0.663569565217391,0.490108695652174,5.1,25,29,0.5,16,6,62,35.4,28,0.18,3.3,16,7.5,0.3
"112",1,13,2013,0.636130434782609,0.470173913043478,5.1,25,29,0.5,16,6,62,35.4,28,0.18,3.3,16,7.5,0.3
"113",1,13,2014,0.631760869565217,0.456495652173913,5.1,34,32,1.1,26,6,69,46.7,22,0.16,3.1,14,5.6,0.4
"114",1,13,2015,0.672908695652174,0.4646,5.8,31,21,0.8,43,18,88,70.5,121,0.16,3.3,15,6.8,0.8
"115",1,13,2016,0.551278260869565,0.371791304347826,5.2,30,44,1,34,9,79,55.9,47,0.25,3.5,22,11.9,1.5
"116",1,13,2017,0.590226086956522,0.390713043478261,5,31,23,1.1,28,7,70,52,36,0.25,3.5,16,8.8,0.8
"117",1,14,2009,0.641847826086957,0.440747826086957,5.5,29,40,1,29,12,74,56.8,19,0.16,3.8,16,7,0.6
"118",1,14,2010,0.574669565217391,0.415369565217391,5.5,29,40,1,29,12,74,56.8,19,0.16,3.8,16,7,0.6
"119",1,14,2011,0.610086956521739,0.420952173913043,5.5,29,40,0.8,29,12,74,56.8,19,0.16,3.8,16,7,0.6
"120",1,14,2012,0.659191304347826,0.485417391304348,5.5,29,40,0.8,29,12,74,56.8,19,0.16,3.8,16,7,0.6
"121",1,14,2013,0.640560869565217,0.474,5.5,29,40,0.8,29,12,74,56.8,19,0.16,3.8,16,7,0.6
"122",1,14,2014,0.622813043478261,0.450108695652174,5.5,29,40,0.8,29,12,74,56.8,19,0.16,3.8,16,7,0.6
"123",1,14,2015,0.655760869565217,0.441326086956522,5.8,34,44,1,48,18,92,72.8,82,0.21,3.4,18,12.5,0.9
"124",1,14,2016,0.551917391304348,0.372973913043478,5.2,29,39,0.7,37,9,84,54.8,55,0.21,3.1,18,9.8,0.9
"125",1,14,2017,0.582769565217391,0.382986956521739,5.2,32,34,1.3,36,11,79,61,61,0.25,3.3,27,13.5,0.7
"126",1,15,2009,0.673447826086957,0.462917391304348,5.2,28,29,2.1,18,6,64,40.8,12,0.15,2.8,19,11,0.4
"127",1,15,2010,0.586369565217391,0.423321739130435,5.2,28,29,2.1,18,6,64,40.8,12,0.15,2.8,19,11,0.4
"128",1,15,2011,0.6146,0.426847826086957,5.2,33,31,1.1,38,10,85,57.8,54,0.17,2.7,18,7,0.6
"129",1,15,2012,0.655708695652174,0.478852173913043,5.4,37,42,1,40,11,90,57.7,57,0.24,3,24,10.2,0.8
"130",1,15,2013,0.651908695652174,0.480691304347826,5.4,37,42,1,40,11,90,57.7,57,0.24,3,24,10.2,0.8
"131",1,15,2014,0.612917391304348,0.440569565217391,5.3,34,19,1.1,33,10,79,55.5,23,0.16,3.2,16,6.9,0.7
"132",1,15,2015,0.64944347826087,0.437113043478261,5.3,32,23,1.2,38,11,83,59.6,95,0.18,3.6,22,16.5,0.8
"133",1,15,2016,0.554821739130435,0.378313043478261,5.2,32,33,0.7,34,8,80,52.7,65,0.21,3.1,22,11.3,0.9
"134",1,15,2017,0.581247826086956,0.381786956521739,5.1,34,27,1.5,35,9,84,54,52,0.21,3.1,29,11.5,0.6
"135",1,16,2009,0.661639130434783,0.454826086956522,5.3,30,28,3.8,19,9,69,46.1,15,0.1,2.6,14,3.2,0.4
"136",1,16,2010,0.604326086956522,0.439052173913043,5.4,42,38,1.1,38,11,86,58.2,12,0.15,3.1,24,6.6,1
"137",1,16,2011,0.618308695652174,0.435926086956522,5.4,42,38,0.9,38,11,86,58.2,12,0.15,3.1,24,6.6,1
"138",1,16,2012,0.659134782608696,0.482682608695652,5.4,42,38,0.9,38,11,86,58.2,12,0.15,3.1,24,6.6,1
"139",1,16,2013,0.658465217391304,0.479969565217391,5.4,42,38,0.9,38,11,86,58.2,12,0.15,3.1,24,6.6,1
"140",1,16,2014,0.621891304347826,0.444530434782609,5.4,42,38,0.9,38,11,86,58.2,12,0.15,3.1,24,6.6,1
"141",1,16,2015,0.659930434782609,0.447082608695652,5.6,38,20,1,45,12,91,63.8,68,0.21,3.2,62,65.5,0.7
"142",1,16,2016,0.564521739130435,0.394686956521739,5.4,33,28,1.2,37,9,81,58.1,50,0.22,2.7,20,10.5,1.2
"143",1,16,2017,0.584265217391304,0.382947826086957,5.4,36,17,1.3,41,9,82,63,29,0.2,3.1,25,7.7,0.6
"144",1,17,2009,0.665004347826087,0.452473913043478,5.3,28,19,2.4,24,9,73,48.2,10,0.14,3.2,19,8.8,0.2
"145",1,17,2010,0.585213043478261,0.411034782608696,5.3,28,19,2.4,24,9,73,48.2,10,0.14,3.2,19,8.8,0.2
"146",1,17,2011,0.592004347826087,0.410665217391304,5.1,36,18,1,42,12,97,56.5,42,0.2,2.7,15,9.1,0.5
"147",1,17,2012,0.638460869565217,0.4542,5.4,40,24,1.1,52,15,105,64,24,0.2,2.8,19,8.8,0.6
"148",1,17,2013,0.643817391304348,0.455865217391304,5.4,40,24,1.1,52,15,105,64,24,0.2,2.8,19,8.8,0.6
"149",1,17,2014,0.595095652173913,0.40704347826087,5.4,40,24,1.1,52,15,105,64,24,0.2,2.8,19,8.8,0.6
"150",1,17,2015,0.638660869565217,0.424591304347826,5.5,35,11,1,45,17,91,68.2,83,0.17,2.8,21,9.7,0.5
"151",1,17,2016,0.545286956521739,0.373995652173913,5.4,35,22,1.5,46,12,93,63.6,63,0.22,2.9,26,10.3,0.8
"152",1,17,2017,0.569839130434783,0.361669565217391,5.3,35,16,1.8,41,13,89,63,22,0.21,3.5,31,14.6,0.9
"153",1,18,2009,0.665004347826087,0.445278260869565,5.2,29,29,1.4,23,10,76,44.7,19,0.21,3,23,6.9,0.4
"154",1,18,2010,0.585213043478261,0.455239130434783,5.2,29,29,1.4,23,10,76,44.7,19,0.21,3,23,6.9,0.4
"155",1,18,2011,0.592004347826087,0.424695652173913,5.2,29,29,1.1,23,10,76,44.7,19,0.21,3,23,6.9,0.4
"156",1,18,2012,0.638460869565217,0.48424347826087,5.2,29,29,1.1,23,10,76,44.7,19,0.21,3,23,6.9,0.4
"157",1,18,2013,0.643817391304348,0.478421739130435,5.2,29,29,1.1,23,10,76,44.7,19,0.21,3,23,6.9,0.4
"158",1,18,2014,0.595095652173913,0.443373913043478,5.2,28,11,3.6,32,10,79,57.6,13,0.2,3.2,22,10.7,0.6
"159",1,18,2015,0.638660869565217,0.440369565217391,5.4,40,23,1.3,50,19,102,68.6,38,0.27,5.3,39,17.1,1
"160",1,18,2016,0.545286956521739,0.394334782608696,5.1,33,28,0.9,38,11,93,53.3,46,0.25,2.9,32,10.7,0.9
"161",1,18,2017,0.569839130434783,0.37484347826087,5.4,39,23,1.3,43,12,89,63,26,0.18,3.2,25,7.6,0.6
"162",1,19,2009,0.653817391304348,0.450695652173913,5.1,28,76,1.2,21,8,70,43.2,37,0.19,2.5,22,8.3,0.4
"163",1,19,2010,0.589039130434783,0.429304347826087,5.1,28,76,1.2,21,8,70,43.2,37,0.19,2.5,22,8.3,0.4
"164",1,19,2011,0.611378260869565,0.423913043478261,5.3,32,30,0.7,41,13,90,60.9,26,0.18,2.8,20,8.1,0.7
"165",1,19,2012,0.6548,0.475317391304348,4.9,35,37,0.9,26,7,85,40.1,46,0.2,2.4,24,10.1,0.7
"166",1,19,2013,0.650365217391304,0.474152173913043,4.9,35,37,0.9,26,7,85,40.1,46,0.2,2.4,24,10.1,0.7
"167",1,19,2014,0.609391304347826,0.434252173913043,4.9,35,37,0.9,26,7,85,40.1,46,0.2,2.4,24,10.1,0.7
"168",1,19,2015,0.651069565217391,0.43645652173913,5.3,39,25,1.1,41,14,90,62.1,57,0.23,3.5,62,63.4,0.9
"169",1,19,2016,0.54595652173913,0.370147826086957,5.2,34,34,0.8,38,11,91,54.8,63,0.25,2.6,24,11.1,0.8
"170",1,19,2017,0.583678260869565,0.383386956521739,5.1,34,33,1.3,30,10,77,54,49,0.23,3.2,28,13.6,0.7
"171",1,20,2009,0.634178260869565,0.433734782608696,5.3,27,41,1,22,9,67,47.5,19,0.22,3.2,17,6.4,0.4
"172",1,20,2010,0.57375652173913,0.409078260869565,5.3,27,41,1,22,9,67,47.5,19,0.22,3.2,17,6.4,0.4
"173",1,20,2011,0.606182608695652,0.408913043478261,5.3,27,41,0.8,22,9,67,47.5,19,0.22,3.2,17,6.4,0.4
"174",1,20,2012,0.648682608695652,0.4643,5.3,27,41,0.8,22,9,67,47.5,19,0.22,3.2,17,6.4,0.4
"175",1,20,2013,0.634369565217391,0.460826086956522,5.3,27,41,0.8,22,9,67,47.5,19,0.22,3.2,17,6.4,0.4
"176",1,20,2014,0.612,0.432560869565217,5,29,10,1.6,30,7,74,51.4,54,0.2,4.2,17,12.8,0.9
"177",1,20,2015,0.644339130434783,0.42944347826087,5.1,35,31,0.7,40,15,92,59.8,135,0.21,3.4,21,13.2,0.9
"178",1,20,2016,0.538317391304348,0.357286956521739,5,34,41,0.6,30,7,81,46.4,62,0.23,2.7,25,11,0.9
"179",1,20,2017,0.576317391304348,0.373304347826087,5.3,30,40,1.3,36,11,77,63,53,0.21,3.4,26,15.2,0.7
"180",1,21,2009,0.619917391304348,0.425304347826087,5.4,25,40,0.8,22,9,63,50.5,20,0.17,3.7,17,8.8,0.3
"181",1,21,2010,0.565521739130435,0.393508695652174,5.4,25,40,0.8,22,9,63,50.5,20,0.17,3.7,17,8.8,0.3
"182",1,21,2011,0.607086956521739,0.416591304347826,5.4,25,40,0.6,22,9,63,50.5,20,0.17,3.7,17,8.8,0.3
"183",1,21,2012,0.649439130434783,0.466134782608696,5.4,25,40,0.6,22,9,63,50.5,20,0.17,3.7,17,8.8,0.3
"184",1,21,2013,0.624395652173913,0.450821739130435,5.4,25,40,0.6,22,9,63,50.5,20,0.17,3.7,17,8.8,0.3
"185",1,21,2014,0.610186956521739,0.424804347826087,5.4,25,40,0.6,22,9,63,50.5,20,0.17,3.7,17,8.8,0.3
"186",1,21,2015,0.641178260869565,0.434895652173913,5.4,35,40,1,42,15,88,65.8,104,0.25,4.3,25,13,3.9
"187",1,21,2016,0.53554347826087,0.355773913043478,5.1,32,54,0.7,34,10,86,51,55,0.25,3.5,26,13.2,1
"188",1,21,2017,0.576408695652174,0.371613043478261,5.5,33,30,1.1,39,10,76,66,25,0.25,4.4,30,17.5,0.8
"189",1,22,2009,0.638308695652174,0.424804347826087,4.9,26,29,0.9,13,5,62,30.9,41,0.19,2.9,15,5.4,0.3
"190",1,22,2010,0.562434782608696,0.382291304347826,4.9,26,29,0.9,13,5,62,30.9,41,0.19,2.9,15,5.4,0.3
"191",1,22,2011,0.595665217391304,0.396613043478261,5,32,23,0.6,31,9,79,51.7,65,0.23,2.9,14,6.9,0.5
"192",1,22,2012,0.642704347826087,0.448278260869565,5.3,36,33,0.6,38,14,90,57.7,47,0.21,2.8,16,8.1,0.6
"193",1,22,2013,0.600373913043478,0.411517391304348,5.3,36,33,0.6,38,14,90,57.7,47,0.21,2.8,16,8.1,0.6
"194",1,22,2014,0.599113043478261,0.406278260869565,5,29,34,1.3,30,7,75,50.9,37,0.28,3.3,18,9.1,0.8
"195",1,22,2015,0.636934782608696,0.425313043478261,5.7,35,28,1.1,57,18,105,72.4,136,0.25,3.2,44,61.6,1.7
"196",1,22,2016,0.528708695652174,0.349926086956522,5.2,32,36,0.8,35,10,86,53.3,49,0.27,3.6,26,12.7,0.9
"197",1,22,2017,0.575478260869565,0.360760869565217,5.1,35,22,1,30,8,73,53,42,0.23,3.5,27,15,0.6
"198",1,23,2009,0.654526086956522,0.422373913043478,5.1,25,31,0.7,18,7,64,40.5,28,0.16,3.3,14,6.1,0.3
"199",1,23,2010,0.537073913043478,0.352969565217391,5.1,25,31,0.7,18,7,64,40.5,28,0.16,3.3,14,6.1,0.3
"200",1,23,2011,0.586391304347826,0.384995652173913,5.1,25,31,0.5,18,7,64,40.5,28,0.16,3.3,14,6.1,0.3
"201",1,23,2012,0.632704347826087,0.440082608695652,5.1,25,31,0.5,18,7,64,40.5,28,0.16,3.3,14,6.1,0.3
"202",1,23,2013,0.602378260869565,0.409804347826087,5.1,25,31,0.5,18,7,64,40.5,28,0.16,3.3,14,6.1,0.3
"203",1,23,2014,0.5877,0.396752173913043,5.1,25,31,0.5,18,7,64,40.5,28,0.16,3.3,14,6.1,0.3
"204",1,23,2015,0.632652173913044,0.421813043478261,6.2,39,24,1.5,58,21,101,79.2,69,0.22,4.5,18,19,1.2
"205",1,23,2016,0.538091304347826,0.356669565217391,5.1,31,33,0.8,34,10,85,52.9,46,0.22,3.6,24,12.6,0.7
"206",1,23,2017,0.583234782608696,0.365282608695652,5.3,33,23,1,34,11,77,60,30,0.19,3.9,21,11.1,0.5
"207",1,24,2009,0.63794347826087,0.399639130434783,5.4,29,28,0.5,23,8,65,48,13,0.16,5.8,15,6.2,0.3
"208",1,24,2010,0.525995652173913,0.32674347826087,5.4,29,28,0.5,23,8,65,48,13,0.16,5.8,15,6.2,0.3
"209",1,24,2011,0.593713043478261,0.368573913043478,5.4,29,28,0.4,23,8,65,48,13,0.16,5.8,15,6.2,0.3
"210",1,24,2012,0.620504347826087,0.415882608695652,5.4,29,28,0.4,23,8,65,48,13,0.16,5.8,15,6.2,0.3
"211",1,24,2013,0.598082608695652,0.384621739130435,5.4,29,28,0.4,23,8,65,48,13,0.16,5.8,15,6.2,0.3
"212",1,24,2014,0.569413043478261,0.368882608695652,5.5,35,20,1.4,38,9,77,62.5,19,0.19,6.3,14,8.8,0.6
"213",1,24,2015,0.606917391304348,0.387117391304348,5.5,35,18,0.8,41,13,87,63.1,107,0.19,6.6,19,11.5,0.8
"214",1,24,2016,0.538017391304348,0.346260869565217,5.6,38,41,1.2,52,17,100,69.9,45,0.26,7,21,11.9,0.9
"215",1,24,2017,0.544639130434783,0.305865217391304,5.3,38,19,1.5,36,11,83,58,29,0.14,6.2,22,10,0.5
"216",1,25,2009,0.600473913043478,0.365008695652174,5.5,30,20,2.5,29,11,69,60.7,12,0.12,3.7,15,15,0.5
"217",1,25,2010,0.540108695652174,0.337295652173913,5.5,34,13,0.7,37,12,78,62.7,16,0.14,5.3,20,15.1,0.6
"218",1,25,2011,0.584178260869565,0.349104347826087,5.5,34,13,0.5,37,12,78,62.7,16,0.14,5.3,20,15.1,0.6
"219",1,25,2012,0.601952173913043,0.365547826086957,5.5,34,13,0.5,37,12,78,62.7,16,0.14,5.3,20,15.1,0.6
"220",1,25,2013,0.582826086956522,0.360708695652174,5.5,34,13,0.5,37,12,78,62.7,16,0.14,5.3,20,15.1,0.6
"221",1,25,2014,0.576030434782609,0.352082608695652,5.5,34,13,0.5,37,12,78,62.7,16,0.14,5.3,20,15.1,0.6
"222",1,25,2015,0.598647826086957,0.358082608695652,5.9,37,40,1.5,60,19,106,75.8,54,0.19,7.7,20,10.9,1.1
"223",1,25,2016,0.557517391304348,0.340417391304348,5.5,34,27,1,42,14,89,64.1,44,0.22,5.3,20,12.7,1.1
"224",1,25,2017,0.577165217391304,0.33754347826087,5.3,31,8,1.6,31,10,74,58,50,0.16,4.5,22,13.7,0.7
"225",1,26,2009,0.61805652173913,0.371169565217391,5,26,29,0.9,14,5,58,35.7,25,0.18,3,17,8.7,0.6
"226",1,26,2010,0.539747826086956,0.332073913043478,5,26,29,0.9,14,5,58,35.7,25,0.18,3,17,8.7,0.6
"227",1,26,2011,0.577582608695652,0.340878260869565,4.9,34,18,1,29,9,80,48.7,56,0.26,3,17,10.1,0.6
"228",1,26,2012,0.594152173913044,0.372082608695652,5.3,34,73,0.8,34,9,82,53.5,24,0.22,3.5,20,10.4,1.2
"229",1,26,2013,0.589760869565217,0.369208695652174,5.3,34,73,0.8,34,9,82,53.5,24,0.22,3.5,20,10.4,1.2
"230",1,26,2014,0.585626086956522,0.363569565217391,4.9,33,51,1,26,7,76,45,44,0.22,2.6,18,6.8,0.9
"231",1,26,2015,0.607978260869565,0.367047826086957,5.2,31,18,1,35,11,80,58,73,0.2,4.2,20,14.3,0.8
"232",1,26,2016,0.556947826086956,0.345260869565217,5.3,30,26,1.2,33,11,78,57.6,50,0.23,4,21,13.3,1
"233",1,26,2017,0.564121739130435,0.325104347826087,5.2,28,14,1.3,30,9,71,57,48,0.23,3.8,23,16.3,1
"234",1,27,2009,0.65304347826087,0.440047826086957,5.1,26,43,1.1,16,6,61,37.7,27,0.21,3.4,19,12.1,0.5
"235",1,27,2010,0.565847826086956,0.379313043478261,5.1,26,43,1.1,16,6,61,37.7,27,0.21,3.4,19,12.1,0.5
"236",1,27,2011,0.606960869565217,0.395513043478261,5.1,26,43,0.9,16,6,61,37.7,27,0.21,3.4,19,12.1,0.5
"237",1,27,2012,0.63284347826087,0.435821739130435,5.1,26,43,0.9,16,6,61,37.7,27,0.21,3.4,19,12.1,0.5
"238",1,27,2013,0.619491304347826,0.431073913043478,5.1,26,43,0.9,16,6,61,37.7,27,0.21,3.4,19,12.1,0.5
"239",1,27,2014,0.599769565217391,0.401395652173913,5.1,26,43,0.9,16,6,61,37.7,27,0.21,3.4,19,12.1,0.5
"240",1,27,2015,0.622126086956522,0.399382608695652,5.3,33,17,1,35,12,81,59.2,116,0.23,3.7,34,58.2,0.8
"241",1,27,2016,0.537947826086957,0.355982608695652,5,31,32,0.8,27,9,72,50.3,54,0.24,5.4,26,13.8,1.1
"242",1,27,2017,0.556913043478261,0.332213043478261,5.6,28,33,1.1,42,13,82,68,21,0.25,3.8,22,12.7,1.4
"243",1,28,2009,0.6676,0.454591304347826,5.2,27,38,1.5,17,6,59,41.2,22,0.15,3.3,25,13.2,0.4
"244",1,28,2010,0.55765652173913,0.381130434782609,5.2,27,38,1.5,17,6,59,41.2,22,0.15,3.3,25,13.2,0.4
"245",1,28,2011,0.598091304347826,0.3997,5.2,27,38,1.2,17,6,59,41.2,22,0.15,3.3,25,13.2,0.4
"246",1,28,2012,0.642173913043478,0.453191304347826,5.2,27,38,1.2,17,6,59,41.2,22,0.15,3.3,25,13.2,0.4
"247",1,28,2013,0.63144347826087,0.445921739130435,5.2,27,38,1.2,17,6,59,41.2,22,0.15,3.3,25,13.2,0.4
"248",1,28,2014,0.602847826086957,0.42725652173913,5.3,33,32,1.9,31,11,77,56.4,30,0.21,3.7,17,8.6,0.7
"249",1,28,2015,0.632695652173913,0.422034782608696,5.6,30,28,0.9,40,15,83,67.5,56,0.25,4.3,20,14.9,0.9
"250",1,28,2016,0.532695652173913,0.355782608695652,5.1,34,45,1,33,10,82,53.6,54,0.29,4.3,28,13.9,1.2
"251",1,28,2017,0.566091304347826,0.355547826086957,5.1,31,32,1,28,8,71,52,35,0.22,3.8,26,14.8,1
"252",1,29,2009,0.653878260869565,0.444721739130435,5,26,28,1.3,16,6,63,36.8,21,0.14,2.3,22,8.8,0.4
"253",1,29,2010,0.578426086956522,0.404634782608696,5,26,28,1.3,16,6,63,36.8,21,0.14,2.3,22,8.8,0.4
"254",1,29,2011,0.603273913043478,0.405852173913043,5.3,33,26,1,38,13,84,62.1,44,0.19,2.7,15,6.3,0.6
"255",1,29,2012,0.641582608695652,0.457317391304348,6.2,36,311,2.2,83,14,125,79.6,29,0.22,3,19,7.1,0.8
"256",1,29,2013,0.642386956521739,0.457491304347826,6.2,36,311,2.2,83,14,125,79.6,29,0.22,3,19,7.1,0.8
"257",1,29,2014,0.582004347826087,0.408969565217391,6.2,36,311,2.2,83,14,125,79.6,29,0.22,3,19,7.1,0.8
"258",1,29,2015,0.63814347826087,0.426139130434783,5.7,32,32,1.2,53,15,96,72,135,0.25,4,24,12.8,0.9
"259",1,29,2016,0.53154347826087,0.355439130434783,6.8,33,69,0.8,120,11,148,89.5,43,0.17,3.4,24,9.7,1.3
"260",1,29,2017,0.57574347826087,0.370604347826087,5.3,32,31,1.1,36,9,79,58,33,0.21,3.3,24,10.9,1.1
"261",1,30,2009,0.653878260869565,0.444721739130435,5.2,25,19,2.3,12,5,52,36.2,36,0.18,3.1,17,11,0.5
"262",1,30,2010,0.578426086956522,0.404634782608696,5,31,33,1.5,27,7,74,47.6,35,0.25,3.5,32,14.3,1.1
"263",1,30,2011,0.603273913043478,0.405852173913043,5,31,33,1.2,27,7,74,47.6,35,0.25,3.5,32,14.3,1.1
"264",1,30,2012,0.641582608695652,0.457317391304348,5,31,33,1.2,27,7,74,47.6,35,0.25,3.5,32,14.3,1.1
"265",1,30,2013,0.642386956521739,0.457491304347826,5,31,33,1.2,27,7,74,47.6,35,0.25,3.5,32,14.3,1.1
"266",1,30,2014,0.582004347826087,0.408969565217391,4.9,32,17,1.3,23,7,70,44.7,33,0.2,2.6,32,6.7,0.5
"267",1,30,2015,0.63814347826087,0.426139130434783,5.4,33,22,1.8,38,17,85,66.4,133,0.2,3.7,22,17.7,1
"268",1,30,2016,0.53154347826087,0.355439130434783,5.1,32,33,0.9,34,10,85,52,58,0.25,2.7,28,13.5,1.1
"269",1,30,2017,0.57574347826087,0.370604347826087,5.4,35,25,1.5,42,13,88,64,23,0.27,3.2,29,13.1,3
"270",1,31,2009,0.658982608695652,0.406530434782609,5.2,25,19,2.3,12,5,52,36.2,36,0.18,3.1,17,11,0.5
"271",1,31,2010,0.603721739130435,0.372078260869565,5.2,25,19,2.3,12,5,52,36.2,36,0.18,3.1,17,11,0.5
"272",1,31,2011,0.618639130434783,0.366247826086956,5.4,34,29,1,49,17,97,68.1,30,0.17,3.6,16,8.6,0.7
"273",1,31,2012,0.647347826086957,0.406760869565217,5.4,34,29,2,38,12,87,59.6,29,0.29,4,34,21.5,0.9
"274",1,31,2013,0.666813043478261,0.428308695652174,5.4,34,29,2,38,12,87,59.6,29,0.29,4,34,21.5,0.9
"275",1,31,2014,0.645530434782609,0.399539130434783,5.4,34,29,2,38,12,87,59.6,29,0.29,4,34,21.5,0.9
"276",1,31,2015,0.685986956521739,0.424339130434783,5.3,32,41,0.9,39,13,89,59.4,84,0.23,3.9,23,14.9,1
"277",1,31,2016,0.624447826086956,0.398847826086957,5.3,29,27,0.6,35,11,82,57.5,45,0.25,3.1,25,15.7,0.9
"278",1,31,2017,0.64545652173913,0.388034782608696,5.1,30,20,1,37,13,87,59,53,0.28,3.6,26,17.8,1.3
"279",2,1,2009,0.653778260869565,0.37985652173913,5,21,7,1.6,11,4,47,34.3,27,0.19,3.9,15,10.6,0.2
"280",2,1,2010,0.625360869565217,0.403560869565217,5,21,7,1.6,11,4,47,34.3,27,0.19,3.9,15,10.6,0.2
"281",2,1,2011,0.626682608695652,0.384239130434783,5,21,7,1.6,11,4,47,34.3,27,0.19,3.9,15,10.6,0.2
"282",2,1,2012,0.646891304347826,0.402286956521739,5,21,7,1.6,11,4,47,34.3,27,0.19,3.9,15,10.6,0.2
"283",2,1,2013,0.662826086956522,0.41994347826087,5,21,7,1.6,11,4,47,34.3,27,0.19,3.9,15,10.6,0.2
"284",2,1,2014,0.616778260869565,0.391030434782609,5,21,7,1.6,11,10,47,34.3,27,0.19,3.9,15,10.6,0.2
"285",2,1,2015,0.647165217391304,0.370221739130435,5.1,30,6,1,35,9,82,55.1,112,0.32,2.9,9,8,0.4
"286",2,1,2016,0.580673913043478,0.341691304347826,5.1,30,6,1,35,9,82,55.1,112,0.32,2.9,9,8,0.4
"287",2,1,2017,0.616065217391304,0.354104347826087,5.1,30,6,1,35,9,82,55.1,112,0.32,2.9,9,8,0.4
"288",2,2,2009,0.64654347826087,0.389734782608696,5.1,22,10,0.9,13,5,51,37.2,15,0.12,3.5,19,14.5,0.3
"289",2,2,2010,0.578452173913043,0.392252173913043,5.1,22,10,0.9,13,5,51,37.2,15,0.12,3.5,19,14.5,0.3
"290",2,2,2011,0.604147826086956,0.398104347826087,5.3,28,13,0.7,36,13,5.3,28,13,0.7,36,13,10.5,0.5
"291",2,2,2012,0.592017391304348,0.407430434782609,5.3,29,11,0.7,29,9,71,54.9,21,0.2,3.4,19,15.4,0.5
"292",2,2,2013,0.628921739130435,0.421639130434783,5.3,29,11,0.7,29,9,71,54.9,21,0.2,3.4,19,15.4,0.5
"293",2,2,2014,0.524373913043478,0.358152173913043,6.5,27,11,1.1,74,12,103,84,31,0.12,3.1,13,7,0.3
"294",2,2,2015,0.60524347826087,0.370326086956522,5.3,32,10,1,37,10,86,55.8,83,0.33,2.6,11,7.4,0.4
"295",2,2,2016,0.448334782608696,0.2684,5.3,32,10,1,37,10,86,55.8,83,0.33,2.6,11,7.4,0.4
"296",2,2,2017,0.553269565217391,0.331591304347826,5.3,32,10,1,37,10,86,55.8,83,0.33,2.6,11,7.4,0.4
"297",2,3,2009,0.676473913043478,0.40064347826087,5.1,22,10,0.9,13,5,51,37.2,15,0.12,3.5,19,14.5,0.3
"298",2,3,2010,0.609734782608696,0.396752173913043,5.1,30,17,0.2,23,6,66,44.3,15,0.16,2.4,15,6.3,0.4
"299",2,3,2011,0.611117391304348,0.371147826086957,4.7,30,8,0.8,14,3,68,26.9,79,0.25,2,13,4.4,0.2
"300",2,3,2012,0.639930434782609,0.404186956521739,4.8,33,10,1.1,28,7,75,46.9,35,0.22,2.2,14,7.6,0.3
"301",2,3,2013,0.670704347826087,0.431782608695652,4.8,33,10,1.1,28,7,75,46.9,35,0.22,2.2,14,7.6,0.3
"302",2,3,2014,0.618086956521739,0.400113043478261,4.8,33,10,1.1,28,12,75,46.9,35,0.22,2.2,14,7.6,0.3
"303",2,3,2015,0.665013043478261,0.387408695652174,4.9,31,9,0.7,27,7,85,41.2,79,0.32,2.5,13,8.5,0.2
"304",2,3,2016,0.579560869565217,0.332547826086957,4.9,31,9,0.7,27,7,85,41.2,79,0.32,2.5,13,8.5,0.2
"305",2,3,2017,0.599586956521739,0.326234782608696,4.9,31,9,0.7,27,7,85,41.2,79,0.32,2.5,13,8.5,0.2
"306",2,4,2009,0.665595652173913,0.419613043478261,5.1,22,16,1.4,12,5,51,36.8,12,0.19,2.8,25,12.3,0.5
"307",2,4,2010,0.60615652173913,0.416730434782609,5.1,22,16,1.4,12,5,51,36.8,12,0.19,2.8,25,12.3,0.5
"308",2,4,2011,0.596073913043478,0.399969565217391,5.1,22,16,1.4,12,5,51,36.8,12,0.19,2.8,25,12.3,0.5
"309",2,4,2012,0.635452173913043,0.420534782608696,5.1,22,16,1.4,12,5,51,36.8,12,0.19,2.8,25,12.3,0.5
"310",2,4,2013,0.618278260869565,0.421691304347826,5.1,22,16,1.4,12,5,51,36.8,12,0.19,2.8,25,12.3,0.5
"311",2,4,2014,0.566326086956522,0.358569565217391,5.1,22,16,1.4,12,9,51,36.8,17,0.19,2.8,25,12.3,0.5
"312",2,4,2015,0.593665217391304,0.328547826086957,5.3,29,7,1.1,29,9,80,49.8,65,0.33,2,17,16.1,0.3
"313",2,4,2016,0.557513043478261,0.346260869565217,5.3,29,7,1.1,29,9,80,49.8,65,0.33,2,17,16.1,0.3
"314",2,4,2017,0.614791304347826,0.393360869565217,5.4,31,9,1.5,39,14,84,65,25,0.3,2.5,13,14.6,0.7
"315",2,5,2009,0.656295652173913,0.40364347826087,4.8,23,10,0.9,11,6,55,30.9,16,0.19,2.3,29,25.9,0.4
"316",2,5,2010,0.600473913043478,0.394482608695652,4.8,23,10,0.9,11,6,55,30.9,16,0.19,2.3,29,25.9,0.4
"317",2,5,2011,0.599169565217391,0.390404347826087,5.1,26,10,1.1,32,13,83,55.3,23,0.19,3.5,24,18.3,0.6
"318",2,5,2012,0.62805652173913,0.406565217391304,5.3,31,9,0.8,31,15,80,58.1,10,0.23,3,21,22.3,0.5
"319",2,5,2013,0.604873913043478,0.396604347826087,5.3,31,9,0.8,31,15,80,58.1,10,0.23,3,21,22.3,0.5
"320",2,5,2014,0.581213043478261,0.36524347826087,4.9,26,6,0.8,26,11,70,53.1,30,0.21,2.5,15,11.6,0.2
"321",2,5,2015,0.645021739130435,0.384339130434783,5.3,28,6,1.2,35,13,85,57.7,84,0.32,2.3,15,10.2,0.4
"322",2,5,2016,0.500165217391304,0.293521739130435,5.3,28,6,1.2,35,13,85,57.7,84,0.32,2.3,15,10.2,0.4
"323",2,5,2017,0.586652173913043,0.345491304347826,5.3,28,6,1.2,35,13,85,57.7,84,0.32,2.3,15,10.2,0.4
"324",2,6,2009,0.659021739130435,0.404926086956522,5.3,25,10,1.2,17,8,55,47.5,10,0.21,3.8,24,20.4,0.5
"325",2,6,2010,0.595826086956522,0.392334782608696,5.3,25,10,1.2,17,8,55,47.5,10,0.21,3.8,24,20.4,0.5
"326",2,6,2011,0.597195652173913,0.396117391304348,5.3,25,10,1.2,17,8,55,47.5,10,0.21,3.8,24,20.4,0.5
"327",2,6,2012,0.613369565217391,0.414417391304348,5.3,25,10,1.2,17,8,55,47.5,10,0.21,3.8,24,20.4,0.5
"328",2,6,2013,0.621434782608696,0.40905652173913,5.3,25,10,1.2,17,8,55,47.5,10,0.21,3.8,24,20.4,0.5
"329",2,6,2014,0.586747826086957,0.383986956521739,5.3,25,10,1.2,17,9,55,47.5,17,0.21,3.8,24,20.4,0.5
"330",2,6,2015,0.642208695652174,0.394734782608696,5,26,8,1.4,26,9,83,44.5,100,0.33,2.1,12,8.4,0.2
"331",2,6,2016,0.453547826086957,0.258826086956522,5,26,8,1.4,26,9,83,44.5,100,0.33,2.1,12,8.4,0.2
"332",2,6,2017,0.532360869565217,0.299008695652174,5,26,8,1.4,26,9,83,44.5,100,0.33,2.1,12,8.4,0.2
"333",2,7,2009,0.679360869565217,0.422895652173913,4.9,22,6,0.9,11,5,50,34.1,16,0.16,2.4,24,15.3,0.2
"334",2,7,2010,0.592539130434783,0.389265217391304,4.9,22,6,0.9,11,5,50,34.1,16,0.16,2.4,24,15.3,0.2
"335",2,7,2011,0.606895652173913,0.410769565217391,5.1,25,10,0.5,27,12,69,56.8,30,0.17,2.2,18,11.1,0.5
"336",2,7,2012,0.614282608695652,0.423286956521739,4.5,27,5,0.6,15,7,68,32.3,34,0.22,2,18,15,0.3
"337",2,7,2013,0.614086956521739,0.401178260869565,4.5,27,5,0.6,15,7,68,32.3,34,0.22,2,18,15,0.3
"338",2,7,2014,0.583213043478261,0.381108695652174,5,24,7,1.1,25,9,67,52,16,0.18,2.2,17,13.8,0.4
"339",2,7,2015,0.64124347826087,0.391826086956522,5,28,8,1.2,32,10,86,51,87,0.34,1.8,15,10.9,0.4
"340",2,7,2016,0.4363,0.246195652173913,5,28,8,1.2,32,10,86,51,87,0.34,1.8,15,10.9,0.4
"341",2,7,2017,0.531330434782609,0.295269565217391,5,28,8,1.2,32,10,86,51,87,0.34,1.8,15,10.9,0.4
"342",2,8,2009,0.676017391304348,0.431217391304348,5.3,25,32,2.5,28,15,80,56.4,13,0.22,4.1,41,46.9,0.6
"343",2,8,2010,0.588686956521739,0.395569565217391,5.3,25,32,2.5,28,15,80,56.4,13,0.22,4.1,41,46.9,0.6
"344",2,8,2011,0.594569565217391,0.395491304347826,5.3,25,32,2.5,28,15,80,56.4,13,0.22,4.1,41,46.9,0.6
"345",2,8,2012,0.630073913043478,0.43355652173913,5.3,25,32,2.5,28,9,80,56.4,13,0.22,4.1,41,46.9,0.6
"346",2,8,2013,0.606917391304348,0.39495652173913,5.3,25,32,2.5,28,9,80,56.4,13,0.22,4.1,41,46.9,0.6
"347",2,8,2014,0.579891304347826,0.391860869565217,5.3,25,32,2.5,28,9,80,56.4,13,0.22,4.1,41,46.9,0.6
"348",2,8,2015,0.63485652173913,0.391913043478261,5.2,32,6,1.8,53,21,126,60.2,70,0.33,2.8,19,28.4,0.5
"349",2,8,2016,0.44615652173913,0.256047826086957,5.2,32,6,1.8,53,21,126,60.2,70,0.33,2.8,19,28.4,0.5
"350",2,8,2017,0.541230434782609,0.305547826086957,5.2,32,6,1.8,53,21,126,60.2,70,0.33,2.8,19,28.4,0.5
"351",2,9,2009,0.673917391304348,0.434130434782609,5.3,28,17,1.7,18,9,58,48.4,7,0.23,2.1,23,23.1,0.3
"352",2,9,2010,0.560608695652174,0.379582608695652,5.3,28,17,1.7,18,9,58,48.4,7,0.23,2.1,23,23.1,0.3
"353",2,9,2011,0.568595652173913,0.389195652173913,5.7,29,8,0.9,47,18,90,72.9,18,0.13,1.9,20,18.5,2.7
"354",2,9,2012,0.613821739130435,0.426947826086957,5.3,27,14,2.4,51,20,105,69.7,26,0.2,1.2,18,28.3,0.4
"355",2,9,2013,0.601904347826087,0.405304347826087,5.3,27,14,2.4,51,20,105,69.7,26,0.2,1.2,18,28.3,0.4
"356",2,9,2014,0.561291304347826,0.384404347826087,5.5,24,4,1.4,39,14,82,65.9,56,0.18,1.8,13,27.9,0.4
"357",2,9,2015,0.610391304347826,0.372752173913043,6,32,9,2,53,17,100,71,61,0.35,1.5,14,28.4,0.5
"358",2,9,2016,0.437860869565217,0.257234782608696,6,32,9,2,53,17,100,71,61,0.35,1.5,14,28.4,0.5
"359",2,9,2017,0.538486956521739,0.320347826086956,6,32,9,2,53,17,100,71,61,0.35,1.5,14,28.4,0.5
"360",2,10,2009,0.654973913043478,0.418721739130435,5.3,27,25,1,17,8,60,44,16,0.16,3.1,24,11.6,0.2
"361",2,10,2010,0.545426086956522,0.353260869565217,5.3,27,25,1,17,8,60,44,16,0.16,3.1,24,11.6,0.2
"362",2,10,2011,0.564147826086957,0.379865217391304,5.3,27,25,1,17,8,60,44,16,0.16,3.1,24,11.6,0.2
"363",2,10,2012,0.580160869565217,0.405421739130435,5.3,27,25,1,17,8,60,44,16,0.16,3.1,24,11.6,0.2
"364",2,10,2013,0.5827,0.392260869565217,5.3,27,25,1,17,8,60,44,16,0.16,3.1,24,11.6,0.2
"365",2,10,2014,0.495817391304348,0.335178260869565,5.3,27,25,1,17,11,60,44,16,0.16,3.1,24,11.6,0.2
"366",2,10,2015,0.554195652173913,0.327152173913043,5.6,35,21,1.1,37,13,91,56.1,31,0.32,2.6,9,4.9,0.3
"367",2,10,2016,0.440078260869565,0.272226086956522,5.6,35,21,1.1,37,13,91,56.1,31,0.32,2.6,9,4.9,0.3
"368",2,10,2017,0.539634782608696,0.34424347826087,5.3,35,10,1.1,34,12,80,59,36,0.2,2.6,11,8.3,0.5
"369",2,11,2009,0.685760869565217,0.472226086956522,5.3,27,25,1,17,8,60,44,16,0.16,3.1,24,11.6,0.2
"370",2,11,2010,0.513460869565217,0.322447826086957,4.7,32,11,0.6,12,7,67,30.3,6,0.33,3.7,15,16.3,0.7
"371",2,11,2011,0.538721739130435,0.354621739130435,4.7,32,11,0.6,12,7,67,30.3,6,0.33,3.7,15,16.3,0.7
"372",2,11,2012,0.560539130434783,0.381404347826087,4.7,32,11,0.6,12,7,67,30.3,20,0.33,3.7,15,16.3,0.7
"373",2,11,2013,0.584434782608696,0.388426086956522,4.7,32,11,0.6,12,7,67,30.3,20,0.33,3.7,15,16.3,0.7
"374",2,11,2014,0.495234782608696,0.323686956521739,5,29,53,1.3,33,11,86,53.4,30,0.28,2.6,16,13.9,1.1
"375",2,11,2015,0.473713043478261,0.258530434782609,5.1,27,11,1.3,25,12,89,42.9,36,0.36,2.2,9,8.2,0.1
"376",2,11,2016,0.492682608695652,0.326786956521739,5.1,27,11,1.3,25,12,89,42.9,36,0.36,2.2,9,8.2,0.1
"377",2,11,2017,0.558191304347826,0.365786956521739,5.1,35,14,1.1,28,10,77,51,43,0.3,3,14,13.6,0.7
"378",2,12,2009,0.65334347826087,0.470095652173913,5.3,27,25,1,17,8,60,44,16,0.16,3.1,24,11.6,0.2
"379",2,12,2010,0.502639130434783,0.31325652173913,4.7,23,7,0.3,8,5,50,26,20,0.2,2.6,12,6.9,0.4
"380",2,12,2011,0.541278260869565,0.372991304347826,4.7,23,7,0.3,8,5,50,26,20,0.2,2.6,12,6.9,0.4
"381",2,12,2012,0.568160869565217,0.396265217391304,4.7,23,7,0.3,8,5,50,26,20,0.2,2.6,12,6.9,0.4
"382",2,12,2013,0.57005652173913,0.399213043478261,4.7,23,7,0.3,8,5,50,26,20,0.2,2.6,12,6.9,0.4
"383",2,12,2014,0.494182608695652,0.336908695652174,4.7,23,7,0.3,8,5,50,26,20,0.2,2.6,12,6.9,0.4
"384",2,12,2015,0.495369565217391,0.273595652173913,4.9,29,18,1.4,19,7,77,35.3,61,0.37,2.2,14,5.9,0.3
"385",2,12,2016,0.513878260869565,0.347578260869565,4.9,29,18,1.4,19,7,77,35.3,61,0.37,2.2,14,5.9,0.3
"386",2,12,2017,0.55035652173913,0.360934782608696,4.9,32,20,0.7,24,7,79,41,36,0.3,2.4,13,9.3,0.5
"387",2,13,2009,0.439060869565217,0.439060869565217,5.3,27,25,1,17,8,60,44,16,0.16,3.1,24,11.6,0.2
"388",2,13,2010,0.357347826086957,0.357347826086957,4.9,28,13,0.4,15,7,60,36.3,8,0.2,2.8,14,8.2,0.4
"389",2,13,2011,0.375013043478261,0.375013043478261,4.9,30,10,0.7,21,7,70,40.3,32,0.22,2.1,11,4.9,0.4
"390",2,13,2012,0.42214347826087,0.42214347826087,4.6,27,6,0.5,17,4,71,31.2,53,0.21,1.9,11,5.4,0.2
"391",2,13,2013,0.404065217391304,0.404065217391304,4.6,27,6,0.5,17,4,71,31.2,53,0.21,1.9,11,5.4,0.2
"392",2,13,2014,0.370569565217391,0.370569565217391,4.6,27,6,0.5,17,4,71,31.2,53,0.21,1.9,11,5.4,0.2
"393",2,13,2015,0.31234347826087,0.31234347826087,5,29,10,0.7,20,7,71,38.9,21,0.31,2.2,10,5,0.2
"394",2,13,2016,0.289160869565217,0.289160869565217,5,29,10,0.7,20,7,71,38.9,21,0.31,2.2,10,5,0.2
"395",2,13,2017,0.316639130434783,0.316639130434783,5.1,34,15,0.9,30,9,80,50,29,0.3,2.9,17,12.2,0.6
"396",2,14,2009,0.680947826086956,0.494178260869565,5.3,27,25,1,17,8,60,44,16,0.16,3.1,24,11.6,0.2
"397",2,14,2010,0.494104347826087,0.319808695652174,4.7,27,7,0.5,8,5,55,23.7,14,0.23,2.9,12,8.1,0.4
"398",2,14,2011,0.518126086956522,0.357313043478261,4.7,27,7,0.5,8,5,55,23.7,14,0.23,2.9,12,8.1,0.4
"399",2,14,2012,0.535578260869565,0.374839130434783,4.7,27,7,0.5,8,5,55,23.7,14,0.23,2.9,12,8.1,0.4
"400",2,14,2013,0.544321739130435,0.379982608695652,4.7,27,7,0.5,8,5,55,23.7,14,0.23,2.9,12,8.1,0.4
"401",2,14,2014,0.507621739130435,0.338430434782609,4.6,26,13,0.6,17,6,67,35,34,0.28,2.3,14,9.2,0.7
"402",2,14,2015,0.507121739130435,0.284839130434783,4.9,34,2,1.3,23,10,85,40,45,0.37,2.4,10,7.5,0.3
"403",2,14,2016,0.479678260869565,0.320226086956522,4.9,34,2,1.3,23,10,85,40,45,0.37,2.4,10,7.5,0.3
"404",2,14,2017,0.5408,0.353669565217391,5.1,30,9,0.8,26,9,76,47,58,0.3,3.2,13,12.6,0.6
"405",2,15,2009,0.681034782608696,0.488478260869565,5.3,27,25,1,17,8,60,44,16,0.16,3.1,24,11.6,0.2
"406",2,15,2010,0.4742,0.304147826086957,4.8,28,13,1,10,5,63,26.4,14,0.19,2.7,15,8.6,0.4
"407",2,15,2011,0.509404347826087,0.349178260869565,4.7,33,12,0.9,14,5,69,27.8,41,0.25,2.1,14,5.7,0.2
"408",2,15,2012,0.545208695652174,0.384539130434783,4.8,30,8,0.7,23,6,80,36.6,31,0.24,2,14,6.6,0.3
"409",2,15,2013,0.552078260869565,0.386647826086957,4.8,30,8,0.7,23,6,80,36.6,31,0.24,2,14,6.6,0.3
"410",2,15,2014,0.509465217391304,0.339226086956522,4.8,30,8,0.7,23,6,80,36.6,31,0.24,2,14,6.6,0.3
"411",2,15,2015,0.506495652173913,0.281365217391304,5.1,34,9,0.9,29,8,87,42.8,55,0.33,2.2,13,7.4,0.3
"412",2,15,2016,0.48104347826087,0.319608695652174,5.1,34,9,0.9,29,8,87,42.8,55,0.33,2.2,13,7.4,0.3
"413",2,15,2017,0.547065217391304,0.356530434782609,5.3,32,12,0.7,35,12,84,57,51,0.3,3,12,11.3,0.6
"414",2,16,2009,0.657039130434783,0.447995652173913,5.3,27,25,1,17,8,60,44,16,0.16,3.1,24,11.6,0.2
"415",2,16,2010,0.505017391304348,0.32735652173913,4.7,29,10,0.4,10,3,61,21.1,17,0.15,2.4,13,7.5,0.4
"416",2,16,2011,0.526417391304348,0.377726086956522,4.7,29,10,0.4,10,3,61,21.1,17,0.15,2.4,13,7.5,0.4
"417",2,16,2012,0.579834782608696,0.409882608695652,4.7,29,10,0.4,10,3,61,21.1,17,0.15,2.4,13,7.5,0.4
"418",2,16,2013,0.547973913043478,0.366039130434783,4.7,29,10,0.4,10,3,61,21.1,17,0.15,2.4,13,7.5,0.4
"419",2,16,2014,0.527378260869565,0.34965652173913,4.7,29,10,0.4,10,3,61,21.1,17,0.15,2.4,13,7.5,0.4
"420",2,16,2015,0.564017391304348,0.32644347826087,5,33,15,0.9,27,8,91,39.5,27,0.32,2.3,16,9.5,0.3
"421",2,16,2016,0.444786956521739,0.279221739130435,5,33,15,0.9,27,8,91,39.5,27,0.32,2.3,16,9.5,0.3
"422",2,16,2017,0.546747826086956,0.349795652173913,5.1,29,10,0.8,31,10,80,53,53,0.4,2.6,11,11.4,0.5
"423",2,17,2009,0.660934782608696,0.456713043478261,5.3,27,25,1,17,8,60,44,16,0.16,3.1,24,11.6,0.2
"424",2,17,2010,0.53425652173913,0.361786956521739,4.9,29,8,0.3,12,4,56,28.7,8,0.12,2.7,14,5.8,0.4
"425",2,17,2011,0.541869565217391,0.392,5.1,32,10,1.1,24,5,74,40.8,125,0.27,2.1,13,9.2,0.3
"426",2,17,2012,0.581482608695652,0.410269565217391,4.9,32,7,0.7,23,5,75,38.4,33,0.21,1.9,12,4.4,0.2
"427",2,17,2013,0.571321739130435,0.391434782608696,4.9,32,7,0.7,23,5,75,38.4,33,0.21,1.9,12,4.4,0.2
"428",2,17,2014,0.503173913043478,0.329813043478261,4.8,30,18,0.8,21,5,74,36.3,47,0.16,2.5,20,6.8,1
"429",2,17,2015,0.510691304347826,0.278939130434783,5.2,30,6,0.5,23,6,75,39.7,47,0.32,2,9,3.9,0.2
"430",2,17,2016,0.495239130434783,0.320221739130435,5.2,30,6,0.5,23,6,75,39.7,47,0.32,2,9,3.9,0.2
"431",2,17,2017,0.571286956521739,0.380791304347826,5,28,18,0.8,30,12,81,53,60,0.3,3.2,13,12.6,0.5
"432",2,18,2009,0.579982608695652,0.380078260869565,5.3,27,25,1,17,8,60,44,16,0.16,3.1,24,11.6,0.2
"433",2,18,2010,0.4785,0.312308695652174,4.9,32,13,0.6,14,7,71,29.9,8,0.14,2.7,15,7.4,0.4
"434",2,18,2011,0.540039130434783,0.372986956521739,4.9,32,13,0.6,14,7,71,29.9,8,0.14,2.7,15,7.4,0.4
"435",2,18,2012,0.538421739130435,0.372639130434783,4.9,32,13,0.6,14,7,71,29.9,8,0.14,2.7,15,7.4,0.4
"436",2,18,2013,0.539878260869565,0.361904347826087,4.9,32,13,0.6,14,7,71,29.9,8,0.14,2.7,15,7.4,0.4
"437",2,18,2014,0.518821739130435,0.324995652173913,4.9,32,13,0.6,14,7,71,29.9,18,0.14,2.7,15,7.4,0.4
"438",2,18,2015,0.507795652173913,0.284734782608696,5.1,32,5,0.8,25,8,84,40.7,24,0.29,1.8,10,4.6,0.2
"439",2,18,2016,0.468286956521739,0.304895652173913,5.1,32,5,0.8,25,8,84,40.7,24,0.29,1.8,10,4.6,0.2
"440",2,18,2017,0.508813043478261,0.324539130434783,5.1,33,17,0.9,33,11,83,54,66,0.3,3.1,12,10.6,0.5
"441",2,19,2009,0.629513043478261,0.43614347826087,5.3,27,25,1,17,8,60,44,16,0.16,3.1,24,11.6,0.2
"442",2,19,2010,0.466313043478261,0.286969565217391,4.9,28,14,2,13,7,64,35.5,16,0.16,3,13,7.5,0.7
"443",2,19,2011,0.51715652173913,0.344878260869565,4.9,28,14,2,13,7,64,35.5,16,0.16,3,13,7.5,0.7
"444",2,19,2012,0.540973913043478,0.365839130434783,4.9,28,14,2,13,7,64,35.5,16,0.16,3,13,7.5,0.7
"445",2,19,2013,0.535304347826087,0.353213043478261,4.9,28,14,2,13,7,64,35.5,16,0.16,3,13,7.5,0.7
"446",2,19,2014,0.493926086956522,0.301586956521739,5.1,29,12,0.9,29,10,75,53.1,18,0.22,2.1,13,7,0.7
"447",2,19,2015,0.505395652173913,0.279782608695652,4.9,29,4,0.8,22,8,84,36.5,52,0.32,2.1,10,3.7,0.2
"448",2,19,2016,0.463204347826087,0.297765217391304,4.9,29,4,0.8,22,8,84,36.5,52,0.32,2.1,10,3.7,0.2
"449",2,19,2017,0.546095652173913,0.360760869565217,5.3,31,23,1.3,35,12,82,59,26,0.3,2.8,13,8.9,0.6
"450",2,20,2009,0.677965217391304,0.483252173913043,5.3,27,25,1,17,8,60,44,16,0.16,3.1,24,11.6,0.2
"451",2,20,2010,0.498321739130435,0.316713043478261,4.6,28,8,0.6,7,4,61,18.3,13,0.17,2.7,15,4.6,0.5
"452",2,20,2011,0.517095652173913,0.366726086956522,4.6,28,8,0.6,7,4,61,18.3,13,0.17,2.7,15,4.6,0.5
"453",2,20,2012,0.548204347826087,0.379552173913043,4.6,28,8,0.6,7,4,61,18.3,13,0.17,2.7,15,4.6,0.5
"454",2,20,2013,0.534969565217391,0.358069565217391,4.6,28,8,0.6,7,4,61,18.3,13,0.17,2.7,15,4.6,0.5
"455",2,20,2014,0.483004347826087,0.313913043478261,4.6,28,8,0.6,7,4,61,18.3,13,0.17,2.7,15,4.6,0.5
"456",2,20,2015,0.472817391304348,0.253830434782609,4.7,29,9,0.8,16,6,82,27.2,47,0.37,2.1,11,3.9,0.4
"457",2,20,2016,0.494260869565217,0.324621739130435,4.7,29,9,0.8,16,6,82,27.2,47,0.37,2.1,11,3.9,0.4
"458",2,20,2017,0.558778260869565,0.376134782608696,4.9,30,14,0.8,24,9,74,46,45,0.3,2.7,12,6.6,0.4
"459",2,21,2009,0.684452173913043,0.486686956521739,5.3,27,25,1,17,8,60,44,16,0.16,3.1,24,11.6,0.2
"460",2,21,2010,0.489639130434783,0.30965652173913,5.2,34,11,0.9,19,9,64,45.1,7,0.24,3.2,14,7.1,0.6
"461",2,21,2011,0.508926086956522,0.360091304347826,5,28,8,0.8,21,8,30,70,37,0.21,2.2,12,4.5,0.1
"462",2,21,2012,0.553882608695652,0.387278260869565,4.8,28,20,1.1,21,7,76,38.4,49,0.29,2.5,15,6.3,1.9
"463",2,21,2013,0.536521739130435,0.362534782608696,4.8,28,20,1.1,21,7,76,38.4,49,0.29,2.5,15,6.3,1.9
"464",2,21,2014,0.496126086956522,0.321539130434783,4.8,28,16,0.9,23,9,73,45.6,26,0.28,2.3,17,8,0.8
"465",2,21,2015,0.5004,0.273291304347826,4.7,29,9,0.8,16,6,82,27.2,47,0.37,2.1,11,3.9,0.4
"466",2,21,2016,0.486369565217391,0.321726086956522,4.7,29,9,0.8,16,6,82,27.2,47,0.37,2.1,11,3.9,0.4
"467",2,21,2017,0.544578260869565,0.357860869565217,4.8,30,10,1.1,21,8,75,40,42,0.3,2.9,13,7.2,0.4
"468",2,22,2009,0.69415652173913,0.505630434782609,5.3,27,25,1,17,8,60,44,16,0.16,3.1,24,11.6,0.2
"469",2,22,2010,0.5052,0.321995652173913,4.8,29,14,0.3,10,4,68,21.5,28,0.12,2.3,12,5.5,0.3
"470",2,22,2011,0.524452173913043,0.36095652173913,4.8,30,16,1,17,6,24,73,46,0.28,2.1,12,5.2,0.2
"471",2,22,2012,0.561682608695652,0.379486956521739,4.9,27,10,0.8,24,8,79,41.8,34,0.29,2.1,14,4.3,0.3
"472",2,22,2013,0.567260869565217,0.395882608695652,4.9,27,10,0.8,24,8,79,41.8,34,0.29,2.1,14,4.3,0.3
"473",2,22,2014,0.503939130434783,0.320865217391304,4.7,32,14,0.5,15,3,66,28.5,113,0.24,3.8,16,5.5,1.8
"474",2,22,2015,0.502034782608696,0.284126086956522,5.1,36,4,0.8,33,8,90,46.2,64,0.31,2,9,3.9,0.3
"475",2,22,2016,0.498604347826087,0.343530434782609,5.1,36,4,0.8,33,8,90,46.2,64,0.31,2,9,3.9,0.3
"476",2,22,2017,0.562691304347826,0.37184347826087,5.1,32,19,1.7,30,13,83,54,36,0.3,3.2,14,10.3,0.7
"477",2,23,2009,0.696378260869565,0.508052173913043,5.3,27,25,1,17,8,60,44,16,0.16,3.1,24,11.6,0.2
"478",2,23,2010,0.504052173913043,0.318873913043478,5,28,8,0.7,12,6,60,32.2,18,0.16,2.9,12,4.4,0.4
"479",2,23,2011,0.526895652173913,0.367352173913043,5,28,8,0.7,12,6,60,32.2,18,0.16,2.9,12,4.4,0.4
"480",2,23,2012,0.566152173913044,0.386608695652174,5,28,8,0.7,12,6,60,32.2,18,0.16,2.9,12,4.4,0.4
"481",2,23,2013,0.565091304347826,0.394373913043478,5,28,8,0.7,12,6,60,32.2,18,0.16,2.9,12,4.4,0.4
"482",2,23,2014,0.506913043478261,0.326508695652174,4.9,32,18,1,26,10,79,47,42,0.26,2.2,15,7.1,1.2
"483",2,23,2015,0.497395652173913,0.282639130434783,5.8,32,18,1.1,54,25,109,73.4,63,0.21,2.4,7,5.9,1.1
"484",2,23,2016,0.509878260869565,0.354134782608696,5.8,32,18,1.1,54,25,109,73.4,63,0.21,2.4,7,5.9,1.1
"485",2,23,2017,0.55344347826087,0.361513043478261,4.9,30,12,1.5,27,10,79,49,42,0.3,3.2,13,9.8,0.6
"486",3,1,2010,0.546739130434783,0.373434782608696,5.1,32,26,0.8,14,7,62,35.5,14,0.19,2.6,12,7.2,0.5
"487",3,1,2011,0.525004347826087,0.372382608695652,5.2,28,24,0.6,24,6,73,42.4,68,0.2,2,12,6.5,0.4
"488",3,1,2012,0.579852173913043,0.415934782608696,5.2,29,21,0.6,34,9,84,52.6,45,0.27,1.8,9,3.5,0.3
"489",3,1,2013,0.580586956521739,0.424526086956522,5.2,29,21,0.6,34,9,84,52.6,45,0.27,1.8,9,3.5,0.3
"490",3,1,2014,0.562752173913043,0.385413043478261,5.2,28,35,0.6,30,12,76,55.5,27,0.25,2.5,13,8.5,0.7
"491",3,1,2015,0.621847826086957,0.402647826086957,5,30,22,1.3,26,11,83,45.9,45,0.33,1.9,9,8.4,0.6
"492",3,1,2016,0.516321739130435,0.342173913043478,5.2,33,61,1,43,13,95,60.1,39,0.23,3.4,28,21.6,1.1
"493",3,1,2017,0.552265217391304,0.363530434782609,5.1,32,27,1.2,32,11,78,57,36,0.23,2.8,14,9.9,0.6
"494",3,2,2010,0.546739130434783,0.373434782608696,5,28,43,1.5,14,6,61,34.3,13,0.2,2.5,13,6.8,0.6
"495",3,2,2011,0.525004347826087,0.372382608695652,4.9,30,16,0.5,16,4,70,29,73,0.22,2,10,5.2,0.3
"496",3,2,2012,0.579852173913043,0.415934782608696,5.1,27,16,0.9,32,10,80,52.6,59,0.27,2,13,6.2,0.3
"497",3,2,2013,0.580586956521739,0.424526086956522,5.1,27,16,0.9,32,10,80,52.6,59,0.27,2,13,6.2,0.3
"498",3,2,2014,0.562752173913043,0.385413043478261,4.9,25,40,0.5,22,8,67,45,36,0.22,2.4,13,6.9,0.6
"499",3,2,2015,0.621847826086957,0.402647826086957,4.8,29,22,0.7,21,6,82,34.4,76,0.3,1.9,7,4.8,0.4
"500",3,2,2016,0.516321739130435,0.342173913043478,5,28,30,1.2,24,10,73,47.7,64,0.21,3.1,22,15.1,2.7
"501",3,2,2017,0.552265217391304,0.363530434782609,5,30,23,0.9,28,12,77,53,79,0.31,3.2,14,9.3,0.7
"502",3,3,2010,0.544517391304348,0.38324347826087,5.1,28,32,0.8,14,6,62,33.5,13,0.15,2.8,13,6,0.6
"503",3,3,2011,0.515417391304348,0.34684347826087,5.1,28,32,0.8,14,6,62,33.5,26,0.15,2.8,13,6,0.6
"504",3,3,2012,0.581095652173913,0.411139130434783,5.1,28,32,0.8,14,8,62,33.5,40,0.15,2.8,13,6,0.6
"505",3,3,2013,0.586934782608696,0.429426086956522,5.1,28,32,0.8,14,8,62,33.5,40,0.15,2.8,13,6,0.6
"506",3,3,2014,0.594086956521739,0.407778260869565,4.9,26,28,0.8,24,6,68,45.7,42,0.21,2,11,4.9,0.4
"507",3,3,2015,0.622334782608696,0.4133,5.2,33,28,0.9,32,11,88,49.1,42,0.36,2.3,8,5.3,0.6
"508",3,3,2016,0.525952173913043,0.353934782608696,5.2,30,37,0.7,28,11,74,53,50,0.22,2.7,20,12.4,2
"509",3,3,2017,0.556078260869565,0.372165217391304,5.1,34,35,1.2,39,14,92,59,28,0.26,3,15,9.3,0.9
"510",3,4,2010,0.513865217391304,0.352273913043478,5.1,29,32,1.5,14,6,62,34.2,14,0.2,2.4,11,6.1,0.7
"511",3,4,2011,0.54324347826087,0.37134347826087,5.1,29,32,1.5,14,6,62,34.2,26,0.2,2.4,11,6.1,0.7
"512",3,4,2012,0.5693,0.386591304347826,5.1,29,32,1.5,14,8,62,34.2,40,0.2,2.4,11,6.1,0.7
"513",3,4,2013,0.568739130434783,0.406004347826087,5.1,29,32,1.5,14,8,62,34.2,40,0.2,2.4,11,6.1,0.7
"514",3,4,2014,0.585865217391304,0.409239130434783,5,27,21,0.9,25,8,70,47.4,51,0.22,1.8,10,6,0.3
"515",3,4,2015,0.601721739130435,0.396573913043478,5.4,32,24,1.2,39,13,93,57.2,33,0.3,2.2,8,4.5,0.5
"516",3,4,2016,0.536091304347826,0.363626086956522,5.1,28,48,0.6,29,10,77,50.9,47,0.2,3,25,13.4,2.1
"517",3,4,2017,0.525165217391304,0.344921739130435,5.7,32,29,1.3,51,25,103,75,23,0.18,3.2,15,9.3,0.8
"518",3,5,2010,0.604878260869565,0.406752173913043,5.6,30,31,0.9,28,13,73,57.4,7,0.07,3.2,12,4.1,0.6
"519",3,5,2011,0.615873913043478,0.391217391304348,5.4,33,31,0.7,32,11,84,51,49,0.2,2.5,10,3.4,0.3
"520",3,5,2012,0.608695652173913,0.406730434782609,5.3,28,21,0.8,37,11,87,56.1,61,0.26,2.2,12,3.9,0.3
"521",3,5,2013,0.621313043478261,0.419969565217391,5.3,28,21,0.8,37,11,87,56.1,61,0.26,2.2,12,3.9,0.3
"522",3,5,2014,0.633369565217391,0.411930434782609,5,34,53,0.8,33,10,87,50.2,39,0.23,2.5,13,6.9,0.5
"523",3,5,2015,0.676821739130435,0.433004347826087,5.1,32,54,1.7,35,11,99,48.3,65,0.37,2.2,8,6,0.4
"524",3,5,2016,0.597582608695652,0.399913043478261,5,29,30,0.8,24,9,74,46,84,0.21,2.4,18,12.4,1.1
"525",3,5,2017,0.619821739130435,0.387847826086957,5.1,32,20,1.3,38,13,88,59,28,0.19,3.6,18,8.1,0.6
"526",3,6,2010,0.604878260869565,0.406752173913043,5.5,29,17,0.3,17,10,61,45.1,8,0.13,2.9,14,5.4,0.4
"527",3,6,2011,0.615873913043478,0.391217391304348,5.5,29,17,0.3,17,10,61,45.1,24,0.13,2.9,14,5.4,0.4
"528",3,6,2012,0.608695652173913,0.406730434782609,5.5,29,17,0.3,17,10,61,45.1,42,0.13,2.9,14,5.4,0.4
"529",3,6,2013,0.621313043478261,0.419969565217391,5.5,29,17,0.3,17,10,61,45.1,42,0.13,2.9,14,5.4,0.4
"530",3,6,2014,0.633369565217391,0.411930434782609,5.4,31,25,0.8,38,15,82,64.7,19,0.22,2.4,10,3.7,0.3
"531",3,6,2015,0.676821739130435,0.433004347826087,5.3,34,27,0.8,38,11,98,50.7,24,0.3,2.4,8,3.4,0.3
"532",3,6,2016,0.597582608695652,0.399913043478261,5.3,32,40,0.8,37,14,89,57.4,45,0.2,3.4,23,13.7,1.7
"533",3,6,2017,0.619821739130435,0.387847826086957,5.3,38,19,0.9,39,13,86,62,28,0.22,3.3,20,10.7,0.5
"534",3,7,2010,0.546404347826087,0.365873913043478,5.4,34,19,0.5,18,9,64,42.6,5,0.16,2.6,12,2.8,0.4
"535",3,7,2011,0.5525,0.363191304347826,5.4,34,19,0.5,18,9,64,42.6,26,0.16,2.6,12,2.8,0.4
"536",3,7,2012,0.582582608695652,0.395082608695652,5.4,34,19,0.5,18,10,64,42.6,39,0.16,2.6,12,2.8,0.4
"537",3,7,2013,0.586134782608696,0.399460869565217,5.4,34,19,0.5,18,10,64,42.6,39,0.16,2.6,12,2.8,0.4
"538",3,7,2014,0.60994347826087,0.410904347826087,5.5,34,37,0.5,41,16,88,65.7,15,0.2,2.1,9,2,0.3
"539",3,7,2015,0.605152173913043,0.39635652173913,5.2,43,16,1,35,12,97,50,21,0.3,2.2,9,5.7,0.3
"540",3,7,2016,0.556517391304348,0.372939130434783,5.3,36,30,0.8,44,13,98,59.3,39,0.25,2.9,24,10.2,0.5
"541",3,7,2017,0.576539130434783,0.366217391304348,5.3,42,23,1.3,43,11,91,61,30,0.27,3.4,22,10.1,0.4
"542",3,8,2010,0.536847826086956,0.373347826086957,5.4,27,26,0.4,19,10,62,47.1,6,0.08,3.8,13,5.1,0.4
"543",3,8,2011,0.5296,0.348921739130435,5.4,34,26,0.4,31,11,79,53.1,26,0.16,3.7,10,3.5,0.2
"544",3,8,2012,0.579469565217391,0.397469565217391,5.4,31,24,0.6,35,13,82,58.8,41,0.22,2.7,11,3,0.5
"545",3,8,2013,0.583986956521739,0.39734347826087,5.4,31,24,0.6,35,13,82,58.8,41,0.22,2.7,11,3,0.5
"546",3,8,2014,0.585421739130435,0.403678260869565,5.3,32,31,0.6,31,13,77,58.4,20,0.2,3.4,12,5.4,0.3
"547",3,8,2015,0.600969565217391,0.397686956521739,5.4,38,18,0.8,38,14,94,56.5,17,0.23,3.8,7,5,0.3
"548",3,8,2016,0.540339130434783,0.366265217391304,5.1,35,112,0.8,34,10,89,51.1,34,0.29,4.1,26,14.4,0.8
"549",3,8,2017,0.5668,0.358713043478261,5.3,35,32,1.3,37,10,77,63,15,0.29,3.8,19,9.5,0.3
"550",3,9,2010,0.544978260869565,0.364517391304348,4.9,30,13,0.4,9,5,60,24.6,6,0.15,4,15,7.6,0.4
"551",3,9,2011,0.530508695652174,0.345073913043478,5.2,33,41,0.6,26,8,80,42.8,117,0.21,3.5,11,4.2,0.4
"552",3,9,2012,0.570908695652174,0.389813043478261,5.2,36,15,0.6,34,11,83,55.3,48,0.26,3.3,12,4.6,0.3
"553",3,9,2013,0.591913043478261,0.402247826086957,5.2,36,15,0.6,34,11,83,55.3,48,0.26,3.3,12,4.6,0.3
"554",3,9,2014,0.583230434782609,0.394704347826087,5,30,23,0.9,21,9,72,43.1,40,0.28,3.1,13,6,0.3
"555",3,9,2015,0.58724347826087,0.382060869565217,5.2,34,14,0.5,33,9,87,48.5,18,0.3,3.4,6,4.6,0.3
"556",3,9,2016,0.5365,0.357130434782609,5.1,33,15,0.7,30,12,82,52.3,41,0.21,4.3,20,15.5,1.3
"557",3,9,2017,0.550747826086956,0.32914347826087,5.3,35,14,1,31,13,76,59,13,0.19,4.1,17,10.3,0.4
"558",3,10,2010,0.509586956521739,0.320286956521739,5.1,29,20,0.8,12,7,59,32.4,4,0.07,5,12,5.9,0.5
"559",3,10,2011,0.535447826086957,0.347508695652174,5.1,29,20,0.8,12,7,59,32.4,26,0.07,5,12,5.9,0.5
"560",3,10,2012,0.584626086956522,0.399704347826087,5.1,29,20,0.8,12,10,59,32.4,35,0.07,5,12,5.9,0.5
"561",3,10,2013,0.563630434782609,0.378986956521739,5.1,29,20,0.8,12,10,59,32.4,35,0.07,5,12,5.9,0.5
"562",3,10,2014,0.566869565217391,0.382973913043478,5.1,29,22,0.8,31,13,80,55.3,37,0.27,3.9,11,5.7,0.9
"563",3,10,2015,0.598891304347826,0.392447826086956,5.3,36,12,1.4,36,15,93,56.8,35,0.31,3.6,8,7.6,0.3
"564",3,10,2016,0.517247826086957,0.333169565217391,5.3,30,22,1,33,16,85,58.9,39,0.22,5.4,31,16.5,0.6
"565",3,10,2017,0.493269565217391,0.275239130434783,5.4,32,18,1.1,34,14,80,61,16,0.23,5,20,14.1,0.4
"566",3,11,2010,0.517269565217391,0.3451,5.3,33,25,0.6,17,10,64,42.3,4,0.15,4.2,12,5.3,0.3
"567",3,11,2011,0.534160869565217,0.348682608695652,5.4,32,22,0.7,29,12,79,53.2,42,0.15,3,9,3.4,0.2
"568",3,11,2012,0.572665217391304,0.38854347826087,5.5,30,10,0.9,41,16,90,63.5,44,0.24,3,10,4.1,0.4
"569",3,11,2013,0.564965217391304,0.379486956521739,5.5,30,10,0.9,41,16,90,63.5,44,0.24,3,10,4.1,0.4
"570",3,11,2014,0.567965217391304,0.38055652173913,5.3,32,24,0.9,36,12,82,59.9,31,0.2,3.6,12,6.7,0.3
"571",3,11,2015,0.602765217391304,0.399234782608696,5.3,36,11,1.5,36,14,92,55.3,17,0.32,3.5,8,5,0.3
"572",3,11,2016,0.539508695652174,0.359013043478261,5.2,32,34,0.7,39,13,94,56.3,32,0.26,6.3,24,12,0.5
"573",3,11,2017,0.553104347826087,0.334117391304348,5.1,37,20,1.2,33,12,82,56,34,0.22,3.7,20,11.1,0.5
"574",3,12,2010,0.546195652173913,0.368113043478261,5.2,27,17,0.7,16,6,56,39.7,10,0.22,2.2,11,6.6,0.6
"575",3,12,2011,0.541926086956522,0.357086956521739,5.2,27,17,0.7,16,6,56,39.7,24,0.22,2.2,11,6.6,0.6
"576",3,12,2012,0.586978260869565,0.389765217391304,5.2,27,17,0.7,16,6,56,39.7,36,0.22,2.2,11,6.6,0.6
"577",3,12,2013,0.579204347826087,0.396347826086957,5.2,27,17,0.7,16,6,56,39.7,36,0.22,2.2,11,6.6,0.6
"578",3,12,2014,0.576513043478261,0.379347826086956,5,27,27,0.8,30,7,77,48.2,101,0.22,1.7,12,5.4,0.6
"579",3,12,2015,0.611978260869565,0.39355652173913,5,32,10,0.9,31,7,92,42,104,0.31,2,7,6.5,0.5
"580",3,12,2016,0.542221739130435,0.355173913043478,5.2,34,30,0.9,36,11,86,54.8,48,0.25,3.1,26,16.3,0.9
"581",3,12,2017,0.564173913043478,0.352269565217391,5.3,30,14,1.2,34,10,73,62,23,0.21,2.5,18,10.4,0.7
"582",3,13,2010,0.556721739130435,0.3678,5.3,28,16,1.2,15,6,56,39.2,15,0.17,2.1,11,5.1,0.5
"583",3,13,2011,0.521265217391304,0.359865217391304,5.5,31,23,1.1,33,9,78,54.9,44,0.2,2.3,10,4,0.4
"584",3,13,2012,0.578130434782609,0.3906,5.4,31,14,0.9,40,10,87,58.5,55,0.23,2,12,3.9,0.4
"585",3,13,2013,0.59144347826087,0.393552173913043,5.4,31,14,0.9,40,10,87,58.5,55,0.23,2,12,3.9,0.4
"586",3,13,2014,0.569882608695652,0.372813043478261,5.4,31,14,0.9,40,10,87,58.5,55,0.23,2,12,3.9,0.4
"587",3,13,2015,0.623621739130435,0.40334347826087,6,32,32,0.9,58,12,99,71.3,34,0.24,2.3,7,10.8,0.4
"588",3,13,2016,0.533317391304348,0.34814347826087,5.2,30,29,1.1,37,11,87,56.5,48,0.23,2.8,26,17.8,0.9
"589",3,13,2017,0.566426086956522,0.359165217391304,5.4,32,16,1.7,44,11,88,64,13,0.2,2.9,24,14.7,0.8
"590",4,1,2010,0.495286956521739,0.310239130434783,4.9,35,13,0.6,10,4,66,22.6,13,0.15,2.8,13,4.5,0.5
"591",4,1,2011,0.526008695652174,0.347860869565217,4.9,35,13,0.6,10,4,66,22.6,13,0.15,2.8,13,4.5,0.5
"592",4,1,2012,0.554226086956522,0.376969565217391,5.1,32,10,0.8,23,7,75,40.3,33,0.23,2.7,11,2.8,0.1
"593",4,1,2013,0.539813043478261,0.364152173913043,5.1,32,10,0.8,23,7,75,40.3,33,0.23,2.7,11,2.8,0.1
"594",4,1,2014,0.526178260869565,0.333926086956522,5.1,37,21,0.9,33,9,87,48.5,50,0.23,2.6,13,5.4,0.3
"595",4,1,2015,0.550352173913043,0.319334782608696,5.7,38,22,1.4,49,15,99,66.5,33,0.29,3.4,15,7.2,0.4
"596",4,1,2016,0.494008695652174,0.32644347826087,5.7,38,22,1.4,49,15,99,66.5,33,0.29,3.4,15,7.2,0.4
"597",4,2,2010,0.470973913043478,0.28595652173913,5.2,32,17,0.4,17,6,57,40.5,9,0.15,2.5,13,4.7,0.3
"598",4,2,2011,0.525221739130435,0.361586956521739,5.2,32,17,0.4,17,6,57,40.5,9,0.15,2.5,13,4.7,0.3
"599",4,2,2012,0.557195652173913,0.382939130434783,5,36,9,0.6,23,5,78,37.7,44,0.28,2.1,14,4,0.2
"600",4,2,2013,0.541404347826087,0.357030434782609,5,36,9,0.6,23,5,78,37.7,44,0.28,2.1,14,4,0.2
"601",4,2,2014,0.496182608695652,0.329165217391304,5,30,18,0.7,26,9,80,44,66,0.22,2,11,4.4,0.2
"602",4,2,2015,0.49595652173913,0.275195652173913,5.4,37,14,0.7,39,11,90,56.7,49,0.28,2.5,15,5.5,0.4
"603",4,2,2016,0.48624347826087,0.326373913043478,5.4,37,14,0.7,39,11,90,56.7,49,0.28,2.5,15,5.5,0.4
"604",4,3,2010,0.474439130434783,0.289526086956522,5,29,16,1.1,14,6,62,32.5,10,0.15,2.8,13,5.5,0.7
"605",4,3,2011,0.522404347826087,0.359995652173913,5,29,16,1.1,14,6,62,32.5,10,0.15,2.8,13,5.5,0.7
"606",4,3,2012,0.553465217391304,0.377704347826087,4.8,37,22,0.6,22,4,76,34.4,46,0.22,2.2,14,5,0.3
"607",4,3,2013,0.546978260869565,0.364860869565217,4.8,37,22,0.6,22,4,76,34.4,46,0.22,2.2,14,5,0.3
"608",4,3,2014,0.500795652173913,0.33055652173913,5.2,31,20,1,27,8,73,49.3,39,0.21,2.1,12,4.2,0.2
"609",4,3,2015,0.505217391304348,0.284552173913043,6,36,21,3.1,50,16,97,71.2,41,0.32,2.5,14,7,0.4
"610",4,3,2016,0.4861,0.326895652173913,6,36,21,3.1,50,16,97,71.2,41,0.32,2.5,14,7,0.4
"611",4,4,2010,0.5055,0.325673913043478,4.6,28,8,1.8,10,4,68,23.6,20,0.14,2.7,16,7.1,0.4
"612",4,4,2011,0.52304347826087,0.355465217391304,4.6,28,8,1.8,10,4,68,23.6,20,0.14,2.7,16,7.1,0.4
"613",4,4,2012,0.565886956521739,0.380447826086957,4.8,33,21,0.8,15,4,72,27.8,51,0.33,2.1,12,3.8,1.6
"614",4,4,2013,0.569717391304348,0.399765217391304,4.8,33,21,0.8,15,4,72,27.8,51,0.33,2.1,12,3.8,1.6
"615",4,4,2014,0.53354347826087,0.344647826086957,4.9,30,16,0.7,22,5,72,39.2,41,0.28,1.9,15,5.3,0.2
"616",4,4,2015,0.569130434782609,0.345504347826087,5.3,38,16,1,35,10,83,55.4,50,0.29,2.7,23,8.9,0.5
"617",4,4,2016,0.510330434782609,0.354982608695652,5.3,38,16,1,35,10,83,55.4,50,0.29,2.7,23,8.9,0.5
"618",4,5,2010,0.510804347826087,0.326904347826087,4.7,28,13,0.6,8,3,67,17.8,21,0.16,2.9,15,5.9,0.2
"619",4,5,2011,0.526721739130435,0.363213043478261,4.7,28,13,0.6,8,3,67,17.8,21,0.16,2.9,15,5.9,0.2
"620",4,5,2012,0.56845652173913,0.385986956521739,4.9,33,7,0.7,20,5,72,35.9,30,0.25,2.1,12,6.1,0.2
"621",4,5,2013,0.57105652173913,0.401873913043478,4.9,33,7,0.7,20,5,72,35.9,30,0.25,2.1,12,6.1,0.2
"622",4,5,2014,0.532169565217391,0.345634782608696,4.8,28,14,0.8,18,4,66,34.4,40,0.3,2.1,14,6.1,0.2
"623",4,5,2015,0.553686956521739,0.330239130434783,4.9,38,9,0.9,27,8,88,40.8,89,0.35,2.6,18,14.8,0.7
"624",4,5,2016,0.513,0.355404347826087,4.9,38,9,0.9,27,8,88,40.8,89,0.35,2.6,18,14.8,0.7
"625",4,6,2010,0.51635652173913,0.325160869565217,4.7,27,10,0.6,8,3,66,16.7,22,0.11,2.6,13,7.8,0.2
"626",4,6,2011,0.530234782608696,0.365226086956522,4.7,27,10,0.6,8,3,66,16.7,22,0.11,2.6,13,7.8,0.2
"627",4,6,2012,0.567004347826087,0.391695652173913,5,36,10,0.8,27,6,82,40.8,44,0.25,2.2,12,5.1,0.2
"628",4,6,2013,0.569282608695652,0.394260869565217,5,36,10,0.8,27,6,82,40.8,44,0.25,2.2,12,5.1,0.2
"629",4,6,2014,0.505621739130435,0.324065217391304,4.8,28,23,0.8,18,6,73,33.9,66,0.32,2.3,17,8.4,0.4
"630",4,6,2015,0.50234347826087,0.28244347826087,5.7,36,18,1.2,45,14,94,64.3,25,0.32,2.6,17,7.7,0.5
"631",4,6,2016,0.512721739130435,0.351178260869565,5.7,36,18,1.2,45,14,94,64.3,25,0.32,2.6,17,7.7,0.5
"632",4,7,2010,0.500226086956522,0.310265217391304,5.5,29,25,0.4,22,4,60,45,13,0.17,2.1,12,9.8,0.2
"633",4,7,2011,0.53615652173913,0.366686956521739,5.5,29,25,0.4,22,4,60,45,13,0.17,2.1,12,9.8,0.2
"634",4,7,2012,0.560378260869565,0.375539130434783,5.1,35,7,0.6,24,5,75,39.7,32,0.25,1.9,13,4.7,0.2
"635",4,7,2013,0.568817391304348,0.390239130434783,5.1,35,7,0.6,24,5,75,39.7,32,0.25,1.9,13,4.7,0.2
"636",4,7,2014,0.517,0.336439130434783,4.8,30,17,0.6,19,5,71,34,64,0.26,2.3,17,7.7,0.2
"637",4,7,2015,0.510169565217391,0.2848,5.5,34,47,0.8,46,13,96,62.5,40,0.27,2.4,20,7.7,0.3
"638",4,7,2016,0.521886956521739,0.355330434782609,5.5,34,47,0.8,46,13,96,62.5,40,0.27,2.4,20,7.7,0.3
"639",4,8,2010,0.518547826086956,0.32485652173913,5.3,36,17,0.5,17,6,67,34.6,14,0.11,3.9,17,5.5,0.4
"640",4,8,2011,0.538008695652174,0.346865217391304,5.3,36,17,0.5,17,6,67,34.6,14,0.11,3.9,17,5.5,0.4
"641",4,8,2012,0.551417391304348,0.366039130434783,5.3,33,13,0.8,26,6,68,47.2,35,0.22,3.1,12,4.7,0.1
"642",4,8,2013,0.567486956521739,0.377782608695652,5.3,33,13,0.8,26,6,68,47.2,35,0.22,3.1,12,4.7,0.1
"643",4,8,2014,0.492695652173913,0.307930434782609,5.5,32,32,1,39,14,87,62,38,0.2,3,15,3.7,0.3
"644",4,8,2015,0.482430434782609,0.257395652173913,5.8,40,37,1.2,61,15,114,67.6,40,0.27,3.6,22,9.3,0.5
"645",4,8,2016,0.511578260869565,0.346865217391304,5.8,40,37,1.2,61,15,114,67.6,40,0.27,3.6,22,9.3,0.5
"646",4,9,2010,0.527408695652174,0.335517391304348,4.9,29,13,0.3,11,4,62,23.2,20,0.12,2.7,15,5.7,0.3
"647",4,9,2011,0.550708695652174,0.342139130434783,4.9,29,13,0.3,11,4,62,23.2,20,0.12,2.7,15,5.7,0.3
"648",4,9,2012,0.605786956521739,0.40244347826087,5.1,33,9,0.7,27,5,73,43.6,69,0.22,2.2,13,2.9,0.2
"649",4,9,2013,0.591669565217391,0.398913043478261,5.1,33,9,0.7,27,5,73,43.6,69,0.22,2.2,13,2.9,0.2
"650",4,9,2014,0.516308695652174,0.32435652173913,4.9,28,20,0.6,19,5,66,37.5,65,0.22,2.6,17,5.1,0.3
"651",4,9,2015,0.546404347826087,0.313678260869565,5.3,38,15,1,37,10,87,55.2,48,0.28,2.9,20,6,0.3
"652",4,9,2016,0.549117391304348,0.375426086956522,5.3,30,25,0.8,28,11,77,51.8,45,0.23,3.1,23,11.4,0.8
"653",4,10,2010,0.507139130434783,0.322686956521739,4.9,35,14,0.4,11,4,65,23.4,7,0.11,2.4,14,4.7,0.3
"654",4,10,2011,0.5318,0.3461,4.9,35,14,0.4,11,4,65,23.4,7,0.11,2.4,14,4.7,0.3
"655",4,10,2012,0.562286956521739,0.369560869565217,4.9,32,9,0.7,20,3,68,34.3,76,0.22,2.2,11,3.7,0.1
"656",4,10,2013,0.5721,0.395434782608696,4.9,32,9,0.7,20,3,68,34.3,76,0.22,2.2,11,3.7,0.1
"657",4,10,2014,0.543760869565217,0.358808695652174,4.9,30,23,0.6,21,5,72,35.8,57,0.23,2.7,20,6.4,0.2
"658",4,10,2015,0.586486956521739,0.365634782608696,4.9,35,9,0.4,25,6,83,37.2,108,0.32,2.9,23,12.1,0.3
"659",4,10,2016,0.542521739130435,0.369778260869565,5.3,37,26,1.1,35,12,83,58.1,48,0.2,3.1,26,10.4,0.6
"660",4,11,2010,0.52145652173913,0.331469565217391,5.3,36,17,0.9,19,6,69,37.1,5,0.09,2.9,14,5.1,0.4
"661",4,11,2011,0.534560869565217,0.347952173913044,5.3,36,17,0.9,19,6,69,37.1,5,0.09,2.9,14,5.1,0.4
"662",4,11,2012,0.56784347826087,0.385265217391304,5.1,37,9,0.5,23,4,73,38,40,0.22,2.2,12,3.8,0.2
"663",4,11,2013,0.571186956521739,0.397886956521739,5.1,37,9,0.5,23,4,73,38,40,0.22,2.2,12,3.8,0.2
"664",4,11,2014,0.538739130434783,0.35245652173913,5.1,28,21,0.9,24,6,70,43.3,37,0.22,2.6,15,5.1,20.5
"665",4,11,2015,0.584017391304348,0.365565217391304,5.1,38,15,0.7,29,7,83,43.6,69,0.27,2.9,24,9.9,0.4
"666",4,11,2016,0.524904347826087,0.357721739130435,5.2,38,77,0.7,37,11,91,53.7,63,0.25,3,26,9.4,2.9
"667",4,12,2010,0.510804347826087,0.326904347826087,5,32,14,1.2,10,5,69,22.8,7,0.16,3.4,17,6.8,0.4
"668",4,12,2011,0.526721739130435,0.363213043478261,5,32,14,1.2,10,5,69,22.8,7,0.16,3.4,17,6.8,0.4
"669",4,12,2012,0.56845652173913,0.385986956521739,4.5,36,10,0.9,10,3,78,17.8,84,0.26,2.9,16,4.7,0.2
"670",4,12,2013,0.57105652173913,0.401873913043478,4.5,36,10,0.9,10,3,78,17.8,84,0.26,2.9,16,4.7,0.2
"671",4,12,2014,0.532169565217391,0.345634782608696,4.9,29,18,0.8,21,7,70,40.4,54,0.21,3,15,7.3,8.6
"672",4,12,2015,0.553686956521739,0.330239130434783,5,38,11,0.7,26,7,80,42.7,66,0.3,3.4,22,10.5,0.1
"673",4,12,2016,0.513,0.355404347826087,5,34,40,0.8,28,9,78,48.7,64,0.22,3.2,24,10.7,1.4
"674",4,13,2010,0.50354347826087,0.315795652173913,4.6,29,16,1,6,3,60,15.6,18,0.17,2.9,14,6.7,0.3
"675",4,13,2011,0.513121739130435,0.346282608695652,4.6,29,16,1,6,3,60,15.6,18,0.17,2.9,14,6.7,0.3
"676",4,13,2012,0.575034782608696,0.39005652173913,4.9,35,7,0.7,18,4,71,32,49,0.22,2.2,14,4.7,0.2
"677",4,13,2013,0.574273913043478,0.406195652173913,4.9,35,7,0.7,18,4,71,32,49,0.22,2.2,14,4.7,0.2
"678",4,13,2014,0.568234782608696,0.387395652173913,4.8,31,21,0.5,18,5,69,33.7,53,0.22,2.8,16,5.3,4.3
"679",4,13,2015,0.600526086956522,0.407934782608696,4.9,36,11,0.8,21,6,76,36.3,52,0.29,2.8,21,10.4,0.3
"680",4,13,2016,0.514160869565217,0.350065217391304,5.1,39,16,0.9,27,10,76,48.7,60,0.2,2.7,22,10.3,0.5
"681",4,14,2010,0.468608695652174,0.280647826086957,5.2,38,20,1.6,15,7,69,33.6,4,0.15,3.3,16,5.6,0.4
"682",4,14,2011,0.512469565217391,0.335086956521739,5.2,38,20,1.6,15,7,69,33.6,4,0.15,3.3,16,5.6,0.4
"683",4,14,2012,0.56954347826087,0.386821739130435,5.2,42,13,1.1,27,9,82,45.2,53,0.22,2.8,12,3.3,0.2
"684",4,14,2013,0.554082608695652,0.379569565217391,5.2,42,13,1.1,27,9,82,45.2,53,0.22,2.8,12,3.3,0.2
"685",4,14,2014,0.5525,0.373813043478261,5.3,36,29,1.2,35,11,87,55,41,0.25,2.6,15,6.5,4.3
"686",4,14,2015,0.592504347826087,0.394065217391304,5.5,44,15,1.2,40,9,88,57.8,31,0.31,2.6,20,6.6,0.3
"687",4,14,2016,0.513960869565217,0.338626086956522,5.3,35,20,1,41,10,89,58.4,29,0.22,3,22,9.8,0.4
"688",4,15,2010,0.4875,0.305621739130435,5,34,11,0.5,10,5,70,21.9,4,0.19,3.5,15,6.1,0.4
"689",4,15,2011,0.530539130434783,0.364617391304348,5,34,11,0.5,10,5,70,21.9,4,0.19,3.5,15,6.1,0.4
"690",4,15,2012,0.567186956521739,0.389004347826087,5.1,36,11,0.6,28,7,79,45.1,71,0.21,2.1,11,3.5,0.1
"691",4,15,2013,0.544473913043478,0.364186956521739,5.1,36,11,0.6,28,7,79,45.1,71,0.21,2.1,11,3.5,0.1
"692",4,15,2014,0.52315652173913,0.342973913043478,5.1,35,35,0.7,31,9,83,49.1,42,0.23,2.7,15,5.5,2
"693",4,15,2015,0.548839130434783,0.322386956521739,5.4,42,18,1.4,44,10,91,60.4,34,0.32,3.5,25,10.2,0.4
"694",4,15,2016,0.498460869565217,0.333769565217391,5.4,34,30,0.8,44,14,94,61.9,32,0.2,2.9,22,8.5,0.6
"695",4,16,2010,0.49545652173913,0.301369565217391,5,38,13,1.8,13,6,69,30,9,0.08,3.2,14,6.3,0.3
"696",4,16,2011,0.524613043478261,0.331178260869565,5,38,13,1.8,13,6,69,30,9,0.08,3.2,14,6.3,0.3
"697",4,16,2012,0.57104347826087,0.385365217391304,5.1,38,10,0.7,22,8,83,37.6,61,0.2,2.8,11,3.2,0.1
"698",4,16,2013,0.543378260869565,0.353034782608696,5.1,38,10,0.7,22,8,83,37.6,61,0.2,2.8,11,3.2,0.1
"699",4,16,2014,0.563891304347826,0.358286956521739,5.1,38,36,1.4,35,9,86,52.4,56,0.22,3.3,17,8.7,0.4
"700",4,16,2015,0.580660869565217,0.3616,5.4,41,14,1.6,48,10,97,60.9,56,0.35,3.5,19,8.6,0.6
"701",4,16,2016,0.496830434782609,0.316421739130435,5.4,36,30,0.8,42,14,94,60.4,45,0.26,3.4,24,12.7,0.6
"702",4,17,2010,0.479617391304348,0.2843,5.1,35,7,0.6,9,5,64,23.6,8,0.17,4.4,16,4.2,0.5
"703",4,17,2011,0.518995652173913,0.319934782608696,5.1,35,7,0.6,9,5,64,23.6,8,0.17,4.4,16,4.2,0.5
"704",4,17,2012,0.574965217391304,0.39174347826087,5.3,39,4,0.5,26,7,74,45.8,65,0.2,3.2,13,1.7,0.1
"705",4,17,2013,0.546769565217391,0.359360869565217,5.3,39,4,0.5,26,7,74,45.8,65,0.2,3.2,13,1.7,0.1
"706",4,17,2014,0.555730434782609,0.357039130434783,5.2,41,21,1.2,34,9,88,50.5,80,0.18,4,16,5.7,0.3
"707",4,17,2015,0.597065217391304,0.388786956521739,5.6,42,15,1,45,13,94,62.9,28,0.28,4,20,6.9,0.7
"708",4,17,2016,0.514082608695652,0.323852173913043,5.3,38,22,0.7,34,9,81,54.1,41,0.25,3.6,23,8.2,0.5
"709",4,18,2010,0.477652173913043,0.2903,5,38,5,1.2,11,6,68,26.5,4,0.11,3.6,14,4.5,0.3
"710",4,18,2011,0.51815652173913,0.339930434782609,5,38,5,1.2,11,6,68,26.5,4,0.11,3.6,14,4.5,0.3
"711",4,18,2012,0.579286956521739,0.397221739130435,4.9,38,11,0.7,19,7,79,33.8,31,0.22,3,11,2.5,0.2
"712",4,18,2013,0.539460869565217,0.360334782608696,4.9,38,11,0.7,19,7,79,33.8,31,0.22,3,11,2.5,0.2
"713",4,18,2014,0.5484,0.370330434782609,5.2,39,38,1.3,206,7,257,83.1,100,0.21,2.6,12,3.9,1.1
"714",4,18,2015,0.573813043478261,0.367391304347826,5,36,8,0.7,28,7,84,42.5,70,0.31,3.2,20,6.6,0.3
"715",4,18,2016,0.509226086956522,0.331565217391304,5.3,33,17,0.8,37,11,86,56,49,0.2,3.5,22,7.7,0.5
"716",4,19,2010,0.448295652173913,0.264378260869565,5.2,32,19,0.7,14,6,63,33,4,0.13,3.2,14,4.6,0.3
"717",4,19,2011,0.509260869565217,0.330473913043478,5.2,32,19,0.7,14,6,63,33,4,0.13,3.2,14,4.6,0.3
"718",4,19,2012,0.574026086956522,0.388973913043478,5.4,40,15,0.8,37,10,85,55.4,32,0.26,2.6,13,2.2,0.2
"719",4,19,2013,0.556021739130435,0.380395652173913,5.4,40,15,0.8,37,10,85,55.4,32,0.26,2.6,13,2.2,0.2
"720",4,19,2014,0.557730434782609,0.376973913043478,5.1,38,21,1,33,11,91,49.5,85,0.27,3.2,16,5.9,1
"721",4,19,2015,0.586039130434783,0.390682608695652,5.1,45,22,0.7,32,8,90,46.2,45,0.28,3.3,20,5,0.4
"722",4,19,2016,0.504239130434783,0.32495652173913,5.2,38,26,0.9,40,14,89,60.8,49,0.19,3.3,25,7.8,0.4
"723",4,20,2010,0.480378260869565,0.2945,4.9,36,17,0.9,11,5,72,23.2,7,0.19,4,17,7.5,0.4
"724",4,20,2011,0.523847826086957,0.355830434782609,4.9,36,17,0.9,11,5,72,23.2,7,0.19,4,17,7.5,0.4
"725",4,20,2012,0.586747826086957,0.404626086956522,5.1,40,30,1.1,23,7,81,38,58,0.21,3.5,15,4.1,0.2
"726",4,20,2013,0.575930434782609,0.409808695652174,5.1,40,30,1.1,23,7,81,38,58,0.21,3.5,15,4.1,0.2
"727",4,20,2014,0.568804347826087,0.39245652173913,4.9,34,14,0.7,24,8,79,41.5,98,0.22,3.4,16,6,1.4
"728",4,20,2015,0.599173913043478,0.409073913043478,5.2,41,17,0.6,36,7,87,49.7,51,0.28,3.8,21,7.4,0.3
"729",4,20,2016,0.511278260869565,0.342578260869565,5.1,39,30,1,38,10,95,51.4,47,0.18,3.6,32,10.2,0.4
"730",4,21,2010,0.499647826086957,0.310447826086957,4.9,28,5,0.6,8,4,57,21.2,7,0.1,3.7,14,5.4,0.3
"731",4,21,2011,0.516508695652174,0.35224347826087,4.9,28,5,0.6,8,4,57,21.2,7,0.1,3.7,14,5.4,0.3
"732",4,21,2012,0.573204347826087,0.388773913043478,5.2,38,5,0.6,28,5,73,45.5,43,0.26,3,12,3.7,0.2
"733",4,21,2013,0.572369565217391,0.406595652173913,5.2,38,5,0.6,28,5,73,45.5,43,0.26,3,12,3.7,0.2
"734",4,21,2014,0.569852173913043,0.391269565217391,5.1,36,13,0.7,26,7,73,45.5,47,0.19,3.4,16,5.2,1.7
"735",4,21,2015,0.607982608695652,0.418365217391304,5.2,42,8,0.7,31,7,81,46.6,83,0.25,4.8,23,5.1,0.4
"736",4,21,2016,0.516904347826087,0.349430434782609,5.2,40,23,1.6,38,11,89,57.2,46,0.2,4,28,7.1,0.6
"737",4,22,2010,0.497526086956522,0.307247826086956,4.8,33,13,0.5,8,3,65,18,10,0.19,3.6,15,7.8,0.8
"738",4,22,2011,0.521786956521739,0.330582608695652,4.8,33,13,0.5,8,3,65,18,10,0.19,3.6,15,7.8,0.8
"739",4,22,2012,0.569860869565217,0.368182608695652,4.8,33,9,0.7,15,3,75,24.4,119,0.25,2.7,11,3.5,0.2
"740",4,22,2013,0.576821739130435,0.397647826086957,4.8,33,9,0.7,15,3,75,24.4,119,0.25,2.7,11,3.5,0.2
"741",4,22,2014,0.574052173913044,0.389230434782609,5.3,35,25,1.4,35,15,87,58.6,25,0.26,2.2,14,6.9,1.1
"742",4,22,2015,0.619295652173913,0.422065217391304,5.2,41,11,1.6,27,9,79,47.8,73,0.24,3.5,18,12.5,0.5
"743",4,22,2016,0.534113043478261,0.353639130434783,5,34,18,0.8,26,6,77,41.8,94,0.23,3.5,29,8.9,0.6
"744",4,23,2010,0.57464347826087,0.359886956521739,4.6,29,13,0.7,5,2,67,11.7,17,0.11,3.4,15,5.6,0.5
"745",4,23,2011,0.560608695652174,0.352230434782609,4.6,29,13,0.7,5,2,67,11.7,17,0.11,3.4,15,5.6,0.5
"746",4,23,2012,0.61475652173913,0.391991304347826,4.9,34,14,0.5,19,3,70,31.2,63,0.26,2.3,13,2.9,0.3
"747",4,23,2013,0.621291304347826,0.417917391304348,4.9,34,14,0.5,19,3,70,31.2,63,0.26,2.3,13,2.9,0.3
"748",4,23,2014,0.596034782608696,0.395178260869565,4.7,29,16,0.5,15,3,68,26.8,114,0.25,3.1,17,6.8,1.9
"749",4,23,2015,0.648539130434783,0.424921739130435,4.9,35,14,0.8,21,5,70,37.9,84,0.26,3.6,20,11.8,0.6
"750",4,23,2016,0.608547826086957,0.3921,5.1,34,28,0.8,33,9,84,51.4,57,0.22,3.8,33,10,0.7
"751",4,24,2010,0.543969565217391,0.332382608695652,4.7,38,20,0.5,6,2,74,11.4,18,0.15,3.8,18,6.1,1.1
"752",4,24,2011,0.542813043478261,0.341965217391304,4.7,38,20,0.5,6,2,74,11.4,18,0.15,3.8,18,6.1,1.1
"753",4,24,2012,0.588452173913043,0.380178260869565,4.7,36,8,1,12,2,67,22.2,62,0.23,2.6,12,4,0.2
"754",4,24,2013,0.602326086956522,0.406830434782609,4.7,36,8,1,12,2,67,22.2,62,0.23,2.6,12,4,0.2
"755",4,24,2014,0.59255652173913,0.393991304347826,5,32,17,0.5,22,4,73,35.8,84,0.22,3.1,17,5.5,3.4
"756",4,24,2015,0.62305652173913,0.41915652173913,5,39,12,1.1,26,5,83,38.7,86,0.31,3.3,18,6.4,0.6
"757",4,24,2016,0.546430434782609,0.356682608695652,4.9,35,15,1.3,26,8,86,40.5,118,0.22,3.5,30,10.6,0.7
"758",4,25,2010,0.498378260869565,0.302808695652174,4.7,29,17,0.9,8,3,68,16.9,21,0.11,3.7,16,7.3,0.6
"759",4,25,2011,0.525069565217391,0.357813043478261,4.7,29,17,0.9,8,3,68,16.9,21,0.11,3.7,16,7.3,0.6
"760",4,25,2012,0.579513043478261,0.3975,5,37,10,0.6,20,3,72,32.6,81,0.28,3,13,3.7,0.3
"761",4,25,2013,0.574147826086956,0.409539130434783,5,37,10,0.6,20,3,72,32.6,81,0.28,3,13,3.7,0.3
"762",4,25,2014,0.573186956521739,0.398569565217391,4.9,31,17,0.8,20,5,70,36,85,0.23,3.5,16,5.6,1.5
"763",4,25,2015,0.603521739130435,0.416469565217391,5.1,38,10,1.1,26,6,76,43.1,73,0.28,3.6,18,6.1,0.6
"764",4,25,2016,0.513121739130435,0.344669565217391,5.2,38,23,1.3,32,13,85,53.9,66,0.19,4.4,34,12,0.8
"765",4,26,2010,0.477139130434783,0.306578260869565,5.2,36,20,1.1,16,6,67,34.9,11,0.13,3.1,15,5.6,0.4
"766",4,26,2011,0.525182608695652,0.339860869565217,5.2,36,20,1.1,16,6,67,34.9,11,0.13,3.1,15,5.6,0.4
"767",4,26,2012,0.577460869565217,0.402586956521739,4.8,32,11,0.9,18,4,73,30.2,66,0.27,2.8,13,5.5,0.3
"768",4,26,2013,0.573478260869565,0.410865217391304,4.8,32,11,0.9,18,4,73,30.2,66,0.27,2.8,13,5.5,0.3
"769",4,26,2014,0.569026086956522,0.399526086956522,5,31,19,0.5,23,5,70,40.3,78,0.26,2.5,13,4.4,1.3
"770",4,26,2015,0.593430434782609,0.403986956521739,5.6,45,16,1,46,10,92,61.8,35,0.32,3.5,20,7.7,0.4
"771",4,26,2016,0.508669565217391,0.334269565217391,5.2,38,28,1.3,35,12,86,55.9,41,0.23,3.9,30,11.1,0.9
"772",4,27,2010,0.485073913043478,0.299060869565217,5,29,10,1.3,10,5,67,24.2,13,0.14,3.1,14,6.5,0.3
"773",4,27,2011,0.515604347826087,0.325960869565217,5,29,10,1.3,10,5,67,24.2,13,0.14,3.1,14,6.5,0.3
"774",4,27,2012,0.570452173913043,0.373473913043478,5.3,41,20,1.7,28,11,86,46.5,70,0.25,3,12,2.6,0.2
"775",4,27,2013,0.565365217391304,0.379886956521739,5.3,41,20,1.7,28,11,86,46.5,70,0.25,3,12,2.6,0.2
"776",4,27,2014,0.54965652173913,0.36625652173913,5.2,35,27,0.7,29,9,78,49.7,61,0.25,2.6,14,3.5,0.7
"777",4,27,2015,0.586330434782609,0.378308695652174,5.2,39,17,1,39,8,99,48.6,59,0.32,3.7,19,4.7,0.3
"778",4,27,2016,0.51024347826087,0.323595652173913,5.1,33,18,1.4,30,10,80,50.2,53,0.2,3.2,22,8.5,0.5
"779",4,28,2010,0.519852173913044,0.324934782608696,5.2,39,4,1.2,14,8,69,33.6,16,0.13,3.1,15,3,0.4
"780",4,28,2011,0.546495652173913,0.345404347826087,5.2,39,4,1.2,14,8,69,33.6,16,0.13,3.1,15,3,0.4
"781",4,28,2012,0.579569565217391,0.38074347826087,5.2,44,6,1.2,26,11,87,42.8,57,0.25,2.9,13,1.5,0.2
"782",4,28,2013,0.577469565217391,0.38375652173913,5.2,44,6,1.2,26,11,87,42.8,57,0.25,2.9,13,1.5,0.2
"783",4,28,2014,0.544330434782609,0.354047826086957,5.2,35,8,0.8,29,12,79,52.1,41,0.25,2.6,15,3.7,1.4
"784",4,28,2015,0.595130434782609,0.385639130434783,5.4,43,7,1,45,16,102,60.7,22,0.38,3.7,25,4.9,0.5
"785",4,28,2016,0.531165217391304,0.333939130434783,5.2,33,13,1.4,34,12,84,56.1,38,0.22,3,27,6.8,1.2
"786",4,29,2010,0.501921739130435,0.306665217391304,5.1,35,13,0.6,11,6,65,27.3,4,0.13,4.4,15,4.5,0.4
"787",4,29,2011,0.530039130434783,0.331713043478261,5.1,35,13,0.6,11,6,65,27.3,4,0.13,4.4,15,4.5,0.4
"788",4,29,2012,0.584986956521739,0.397726086956522,5.2,38,11,0.6,27,5,76,43,48,0.26,2.8,12,2.7,0.2
"789",4,29,2013,0.553795652173913,0.369052173913043,5.2,38,11,0.6,27,5,76,43,48,0.26,2.8,12,2.7,0.2
"790",4,29,2014,0.553847826086956,0.368560869565217,5.1,40,24,1.1,34,7,87,48.2,48,0.25,3.1,13,4.2,0.3
"791",4,29,2015,0.593334782608696,0.384539130434783,5.2,40,11,2,34,7,83,50.9,38,0.32,4.2,18,6,0.2
"792",4,29,2016,0.516208695652174,0.326969565217391,5,36,23,1,30,9,81,49.4,44,0.24,3.6,25,10,0.6
"793",4,30,2010,0.544978260869565,0.364517391304348,5.3,36,17,0.4,21,9,71,42.5,7,0.21,3.2,12,5,0.4
"794",4,30,2011,0.530508695652174,0.345073913043478,5.3,36,17,0.4,21,9,71,42.5,7,0.21,3.2,12,5,0.4
"795",4,30,2012,0.570908695652174,0.389813043478261,5,38,13,0.8,21,7,79,36.5,41,0.31,2.7,11,3.6,0.2
"796",4,30,2013,0.591913043478261,0.402247826086957,5,38,13,0.8,21,7,79,36.5,41,0.31,2.7,11,3.6,0.2
"797",4,30,2014,0.583230434782609,0.394704347826087,5.2,36,17,1.1,31,10,82,51.3,30,0.22,2.6,11,4.5,0.5
"798",4,30,2015,0.58724347826087,0.382060869565217,5.1,45,11,1,33,7,90,45.9,40,0.35,3.5,21,6.1,0.4
"799",4,30,2016,0.5365,0.357130434782609,5.1,39,23,1.1,37,12,89,56.2,44,0.22,3.3,22,9.6,0.8
"800",4,31,2010,0.509586956521739,0.320286956521739,5.6,30,10,0.6,21,12,66,51.2,3,0.12,3.9,11,4.2,0.4
"801",4,31,2011,0.535447826086957,0.347508695652174,5.6,30,10,0.6,21,12,66,51.2,3,0.12,3.9,11,4.2,0.4
"802",4,31,2012,0.584626086956522,0.399704347826087,5.5,36,6,0.6,38,14,87,60.8,29,0.21,2.8,10,3.2,0.2
"803",4,31,2013,0.563630434782609,0.378986956521739,5.5,36,6,0.6,38,14,87,60.8,29,0.21,2.8,10,3.2,0.2
"804",4,31,2014,0.566869565217391,0.382973913043478,5.4,31,11,0.8,32,13,77,59.5,28,0.18,3.3,11,4.6,1.7
"805",4,31,2015,0.598891304347826,0.392447826086956,5.5,45,11,1.3,46,12,96,61.5,52,0.31,4.9,18,9,0.4
"806",4,31,2016,0.517247826086957,0.333169565217391,5.2,39,35,1.1,38,12,87,58.7,48,0.25,3.5,27,8,2
"807",4,32,2010,0.514726086956522,0.328426086956522,5.1,28,14,0.5,11,5,57,28.4,13,0.2,4.1,14,6.1,0.4
"808",4,32,2011,0.54545652173913,0.350573913043478,5.1,28,14,0.5,11,5,57,28.4,13,0.2,4.1,14,6.1,0.4
"809",4,32,2012,0.580873913043478,0.398834782608696,5,30,13,0.8,19,5,68,35.8,58,0.26,3.1,10,4,0.2
"810",4,32,2013,0.589982608695652,0.409108695652174,5,30,13,0.8,19,5,68,35.8,58,0.26,3.1,10,4,0.2
"811",4,32,2014,0.564686956521739,0.382765217391304,5,31,18,0.6,21,6,66,42.4,48,0.17,3.1,10,4.2,1.3
"812",4,32,2015,0.602160869565217,0.408821739130435,5.2,35,12,1,30,7,78,47.5,68,0.25,4,17,6.2,0.4
"813",4,32,2016,0.515708695652174,0.342560869565217,4.9,35,27,0.7,24,9,82,40.8,99,0.22,3.8,27,11.5,0.8
"814",4,33,2010,0.484886956521739,0.30135652173913,4.6,30,11,0.7,5,2,65,12.6,29,0.15,5,17,5.8,0.4
"815",4,33,2011,0.5263,0.339469565217391,4.6,30,11,0.7,5,2,65,12.6,29,0.15,5,17,5.8,0.4
"816",4,33,2012,0.565308695652174,0.389417391304348,5,31,13,0.7,19,4,67,34.7,58,0.23,3.5,13,3.9,0.4
"817",4,33,2013,0.568121739130435,0.405191304347826,5,31,13,0.7,19,4,67,34.7,58,0.23,3.5,13,3.9,0.4
"818",4,33,2014,0.559178260869565,0.390147826086957,4.6,28,20,0.6,13,3,72,23.1,87,0.24,4.3,16,7.3,1.7
"819",4,33,2015,0.592986956521739,0.403978260869565,4.8,32,10,1.3,19,4,75,33,75,0.28,4.7,21,8.2,0.3
"820",4,33,2016,0.520165217391304,0.344860869565217,4.9,33,23,0.9,23,8,79,41.4,92,0.18,4.7,27,12.1,0.6
"821",4,34,2010,0.570273913043478,0.349369565217391,4.7,35,14,0.4,7,2,62,16.4,20,0.17,4.4,17,6.6,0.9
"822",4,34,2011,0.5969,0.373921739130435,4.7,35,14,0.4,7,2,62,16.4,20,0.17,4.4,17,6.6,0.9
"823",4,34,2012,0.59675652173913,0.378069565217391,5,37,10,1,17,5,68,32.5,41,0.25,3.1,13,4.4,0.2
"824",4,34,2013,0.612169565217391,0.399378260869565,5,37,10,1,17,5,68,32.5,41,0.25,3.1,13,4.4,0.2
"825",4,34,2014,0.606421739130435,0.401282608695652,4.8,32,20,0.9,16,4,68,30.8,79,0.26,3.6,18,7.1,1.3
"826",4,34,2015,0.645030434782609,0.407752173913043,5,37,8,1.3,23,4,74,38.1,109,0.28,3.7,21,6.4,0.3
"827",4,34,2016,0.583191304347826,0.36845652173913,5,33,21,1.3,27,10,82,47.1,69,0.16,4.4,34,10.8,0.7
